case_id,task,dataset,perturbation,uncorrected_single_drift,original_noise,perturbed_noise,noise_baseline,raw_perturbation_drift,noise_corrected_drift,clean_single_correct,perturbed_single_correct,single_pass_rate_drop,abs_single_pass_rate_change,single_sample_pdr,clean_mean_correctness,perturbed_mean_correctness,repeated_pass_rate_drop,abs_repeated_pass_rate_change,repeated_sampling_pdr,correctness_sample_noise,harmful_correctness_drop,correctness_changed
promptrobust_pdr_context_injection_humaneval_01,code_generation,HumanEval,context_injection,0.06426064840613255,0.060323051593910194,0.0,0.030161525796955097,0.05359846933600528,0.023436943539050185,0.0,0.0,0.0,0.0,0.0,0.0,0.0,0.0,0.0,0.0,0.0,0,0
promptrobust_pdr_context_injection_humaneval_02,code_generation,HumanEval,context_injection,0.012705240133458195,0.0006684420559623557,0.008043055513881589,0.0043557487849219725,0.006245081083189552,0.0018893322982675795,1.0,1.0,0.0,0.0,0.0,1.0,1.0,0.0,0.0,0.0,0.0,0,0
promptrobust_pdr_context_injection_humaneval_03,code_generation,HumanEval,context_injection,0.0,0.0,0.0,0.0,0.0,0.0,1.0,1.0,0.0,0.0,0.0,1.0,1.0,0.0,0.0,0.0,0.0,0,0
promptrobust_pdr_context_injection_humaneval_04,code_generation,HumanEval,context_injection,0.016929767577683164,0.11318278434687572,0.0,0.05659139217343786,0.07826246467793811,0.021671072504500254,1.0,1.0,0.0,0.0,0.0,0.6666666666666666,1.0,-0.33333333333333337,0.33333333333333337,-0.5000000000000001,0.23570226039551584,0,1
promptrobust_pdr_context_injection_humaneval_05,code_generation,HumanEval,context_injection,0.004557916923867089,0.0030386112825780596,0.025660512198514618,0.014349561740546338,0.02811700439016586,0.013767442649619521,0.0,0.0,0.0,0.0,0.0,0.0,0.0,0.0,0.0,0.0,0.0,0,0
promptrobust_pdr_context_injection_humaneval_06,code_generation,HumanEval,context_injection,0.16342585999802894,0.009226176813102263,0.1089505733320193,0.05908837507256078,0.11104000150625176,0.05195162643369098,0.0,1.0,-1.0,1.0,0.0,0.0,0.6666666666666666,-0.6666666666666666,0.6666666666666666,0.0,0.23570226039551584,0,1
promptrobust_pdr_context_injection_humaneval_07,code_generation,HumanEval,context_injection,0.03632277385305427,0.026473948246502583,0.025424940444891114,0.025949444345696848,0.02149766471556014,0.0,1.0,1.0,0.0,0.0,0.0,1.0,1.0,0.0,0.0,0.0,0.0,0,0
promptrobust_pdr_context_injection_humaneval_08,code_generation,HumanEval,context_injection,1.1102230246251565e-16,1.1102230246251565e-16,1.1102230246251565e-16,1.1102230246251565e-16,1.1102230246251565e-16,0.0,0.0,0.0,0.0,0.0,0.0,0.0,0.0,0.0,0.0,0.0,0.0,0,0
promptrobust_pdr_context_injection_humaneval_09,code_generation,HumanEval,context_injection,0.12038562604912684,0.08036630038151316,0.0762429988578323,0.07830464961967273,0.06661401936765945,0.0,1.0,0.0,1.0,1.0,1.0,0.6666666666666666,0.3333333333333333,0.3333333333333333,0.3333333333333333,0.5,0.4714045207910317,1,1
promptrobust_pdr_context_injection_humaneval_10,code_generation,HumanEval,context_injection,0.0810419715515569,0.11394266688070598,0.07797744791775485,0.09596005739923041,0.10375853436519983,0.007798476965969414,0.0,0.0,0.0,0.0,0.0,0.0,0.0,0.0,0.0,0.0,0.0,0,0
promptrobust_pdr_formatting_humaneval_01,code_generation,HumanEval,formatting,0.06426064840613255,0.013449164515809834,0.06435650640125552,0.03890283545853268,0.03397233816766749,0.0,0.0,0.0,0.0,0.0,0.0,0.0,0.0,0.0,0.0,0.0,0.0,0,0
promptrobust_pdr_formatting_humaneval_02,code_generation,HumanEval,formatting,0.131244308302501,0.0022941663361029097,0.12732665021105313,0.06481040827357802,0.09726491071839281,0.03245450244481479,1.0,0.0,1.0,1.0,1.0,1.0,0.3333333333333333,0.6666666666666667,0.6666666666666667,0.6666666666666667,0.23570226039551584,1,1
promptrobust_pdr_formatting_humaneval_03,code_generation,HumanEval,formatting,0.3492243914049977,0.0,2.220446049250313e-16,1.1102230246251565e-16,0.3492243914049977,0.3492243914049976,1.0,0.0,1.0,1.0,1.0,1.0,0.0,1.0,1.0,1.0,0.0,1,1
promptrobust_pdr_formatting_humaneval_04,code_generation,HumanEval,formatting,0.0,0.1131882525751619,0.1131882525751619,0.1131882525751619,0.07545883505010793,0.0,0.0,0.0,0.0,0.0,0.0,0.3333333333333333,0.3333333333333333,0.0,0.0,0.0,0.4714045207910317,0,0
promptrobust_pdr_formatting_humaneval_05,code_generation,HumanEval,formatting,0.03849076829777187,0.012849003402929604,0.027825944844702504,0.020337474123816056,0.032588084108923096,0.01225060998510704,0.0,0.0,0.0,0.0,0.0,0.0,0.0,0.0,0.0,0.0,0.0,0,0
promptrobust_pdr_formatting_humaneval_06,code_generation,HumanEval,formatting,0.0,0.009226176813102263,0.009226176813102263,0.009226176813102263,0.006150784542068176,0.0,0.0,0.0,0.0,0.0,0.0,0.0,0.0,0.0,0.0,0.0,0.0,0,0
promptrobust_pdr_formatting_humaneval_07,code_generation,HumanEval,formatting,0.041727724440129954,0.026969029777463294,0.028359485714943067,0.02766425774620318,0.02312050129311473,0.0,1.0,1.0,0.0,0.0,0.0,1.0,1.0,0.0,0.0,0.0,0.0,0,0
promptrobust_pdr_formatting_humaneval_08,code_generation,HumanEval,formatting,1.1102230246251565e-16,1.1102230246251565e-16,1.1102230246251565e-16,1.1102230246251565e-16,1.1102230246251565e-16,0.0,0.0,0.0,0.0,0.0,0.0,0.0,0.0,0.0,0.0,0.0,0.0,0,0
promptrobust_pdr_formatting_humaneval_09,code_generation,HumanEval,formatting,0.12338314341903223,0.00047798497230910897,1.1102230246251565e-16,0.00023899248615461,0.12326928112127196,0.12303028863511735,1.0,0.0,1.0,1.0,1.0,1.0,0.0,1.0,1.0,1.0,0.0,1,1
promptrobust_pdr_formatting_humaneval_10,code_generation,HumanEval,formatting,0.19512568478672565,0.0780679989642659,0.13689462149635834,0.10748131023031213,0.14768351833731524,0.04020220810700312,0.0,0.0,0.0,0.0,0.0,0.0,0.0,0.0,0.0,0.0,0.0,0,0
promptrobust_pdr_paraphrase_humaneval_01,code_generation,HumanEval,paraphrase,0.06426064840613255,0.042840432270755034,0.0,0.021420216135377517,0.042840432270755034,0.021420216135377517,0.0,0.0,0.0,0.0,0.0,0.0,0.0,0.0,0.0,0.0,0.0,0,0
promptrobust_pdr_paraphrase_humaneval_02,code_generation,HumanEval,paraphrase,0.007569158893299566,0.0007880085058320127,0.007779562142912015,0.004283785324372014,0.005793745987251168,0.0015099606628791546,1.0,1.0,0.0,0.0,0.0,1.0,1.0,0.0,0.0,0.0,0.0,0,0
promptrobust_pdr_paraphrase_humaneval_03,code_generation,HumanEval,paraphrase,4.355258617083635e-07,0.0,0.0,0.0,4.355258617083635e-07,4.355258617083635e-07,1.0,1.0,0.0,0.0,0.0,1.0,1.0,0.0,0.0,0.0,0.0,0,0
promptrobust_pdr_paraphrase_humaneval_04,code_generation,HumanEval,paraphrase,0.16976289069259265,2.220446049250313e-16,0.0,1.1102230246251565e-16,0.16976289069259265,0.16976289069259254,1.0,0.0,1.0,1.0,1.0,1.0,0.0,1.0,1.0,1.0,0.0,1,1
promptrobust_pdr_paraphrase_humaneval_05,code_generation,HumanEval,paraphrase,0.0,0.010540987880699607,0.0030386112825780596,0.0067897995816388335,0.006738725202331899,0.0,0.0,0.0,0.0,0.0,0.0,0.0,0.0,0.0,0.0,0.0,0.0,0,0
promptrobust_pdr_paraphrase_humaneval_06,code_generation,HumanEval,paraphrase,0.028164610617381847,0.009226176813102263,0.026965596932081042,0.018095886872591654,0.015193325761436862,0.0,0.0,0.0,0.0,0.0,0.0,0.0,0.0,0.0,0.0,0.0,0.0,0,0
promptrobust_pdr_paraphrase_humaneval_07,code_generation,HumanEval,paraphrase,0.037216367303794406,0.030497010965456244,0.0032661065912780174,0.016881558778367133,0.027305225665004276,0.010423666886637144,1.0,1.0,0.0,0.0,0.0,1.0,1.0,0.0,0.0,0.0,0.0,0,0
promptrobust_pdr_paraphrase_humaneval_08,code_generation,HumanEval,paraphrase,1.1102230246251565e-16,1.1102230246251565e-16,1.1102230246251565e-16,1.1102230246251565e-16,1.1102230246251565e-16,0.0,0.0,0.0,0.0,0.0,0.0,0.0,0.0,0.0,0.0,0.0,0.0,0,0
promptrobust_pdr_paraphrase_humaneval_09,code_generation,HumanEval,paraphrase,0.0005769702747013827,0.0012046683303085226,0.0009274622842785352,0.0010660653072935289,0.0010961659871115107,3.0100679817981774e-05,0.0,1.0,-1.0,1.0,0.0,0.3333333333333333,1.0,-0.6666666666666667,0.6666666666666667,-2.0000000000000004,0.23570226039551584,0,1
promptrobust_pdr_paraphrase_humaneval_10,code_generation,HumanEval,paraphrase,0.07870330237710432,0.11261742146083797,0.054027981034371265,0.08332270124760462,0.07795258366788477,0.0,0.0,0.0,0.0,0.0,0.0,0.0,0.0,0.0,0.0,0.0,0.0,0,0
promptrobust_pdr_reordering_humaneval_01,code_generation,HumanEval,reordering,0.020216412267285322,0.06034432428073629,0.013449164515809834,0.03689674439827306,0.0317362788436845,0.0,0.0,0.0,0.0,0.0,0.0,0.0,0.0,0.0,0.0,0.0,0.0,0,0
promptrobust_pdr_reordering_humaneval_02,code_generation,HumanEval,reordering,0.016992026629095047,0.014375093846890582,0.008078213369992001,0.011226653608441292,0.011906424079019588,0.0006797704705782965,1.0,1.0,0.0,0.0,0.0,1.0,1.0,0.0,0.0,0.0,0.0,0,0
promptrobust_pdr_reordering_humaneval_03,code_generation,HumanEval,reordering,0.0,0.0,0.0,0.0,0.0,0.0,1.0,1.0,0.0,0.0,0.0,1.0,1.0,0.0,0.0,0.0,0.0,0,0
promptrobust_pdr_reordering_humaneval_04,code_generation,HumanEval,reordering,1.1102230246251565e-16,1.1102230246251565e-16,1.1102230246251565e-16,1.1102230246251565e-16,1.1102230246251565e-16,0.0,1.0,1.0,0.0,0.0,0.0,1.0,1.0,0.0,0.0,0.0,0.0,0,0
promptrobust_pdr_reordering_humaneval_05,code_generation,HumanEval,reordering,0.05678455467729082,0.028262534162897552,0.04085569635331684,0.0345591152581072,0.029277740788758926,0.0,0.0,0.0,0.0,0.0,0.0,0.0,0.0,0.0,0.0,0.0,0.0,0,0
promptrobust_pdr_reordering_humaneval_06,code_generation,HumanEval,reordering,0.0,0.009226176813102263,0.009226176813102263,0.009226176813102263,0.006150784542068176,0.0,0.0,0.0,0.0,0.0,0.0,0.0,0.0,0.0,0.0,0.0,0.0,0,0
promptrobust_pdr_reordering_humaneval_07,code_generation,HumanEval,reordering,0.0,0.02752392314141579,0.012825246693316009,0.0201745849173659,0.021047351352823193,0.0008727664354572923,1.0,1.0,0.0,0.0,0.0,1.0,1.0,0.0,0.0,0.0,0.0,0,0
promptrobust_pdr_reordering_humaneval_08,code_generation,HumanEval,reordering,1.1102230246251565e-16,1.1102230246251565e-16,1.1102230246251565e-16,1.1102230246251565e-16,1.1102230246251565e-16,0.0,0.0,0.0,0.0,0.0,0.0,0.0,0.0,0.0,0.0,0.0,0.0,0,0
promptrobust_pdr_reordering_humaneval_09,code_generation,HumanEval,reordering,0.11365506961089822,0.07577004640726548,0.0,0.03788502320363274,0.03788502320363274,0.0,0.0,1.0,-1.0,1.0,0.0,0.6666666666666666,1.0,-0.33333333333333337,0.33333333333333337,-0.5000000000000001,0.23570226039551584,0,1
promptrobust_pdr_reordering_humaneval_10,code_generation,HumanEval,reordering,0.19009762261669694,0.1280266252109686,0.1266222014713736,0.12732441334117112,0.10600490029596928,0.0,0.0,0.0,0.0,0.0,0.0,0.0,0.0,0.0,0.0,0.0,0.0,0,0
promptrobust_pdr_surface_noise_humaneval_01,code_generation,HumanEval,surface_noise,0.0642644721202521,3.0962337745539986e-07,0.013449164515809834,0.006724737069593645,0.07501916417337598,0.06829442710378233,0.0,0.0,0.0,0.0,0.0,0.0,0.0,0.0,0.0,0.0,0.0,0,0
promptrobust_pdr_surface_noise_humaneval_02,code_generation,HumanEval,surface_noise,0.0004498546340206966,0.005154795583236245,0.014825570737486285,0.009990183160361266,0.009004814039053967,0.0,1.0,1.0,0.0,0.0,0.0,1.0,1.0,0.0,0.0,0.0,0.0,0,0
promptrobust_pdr_surface_noise_humaneval_03,code_generation,HumanEval,surface_noise,0.0,0.0,0.0,0.0,0.0,0.0,1.0,1.0,0.0,0.0,0.0,1.0,1.0,0.0,0.0,0.0,0.0,0,0
promptrobust_pdr_surface_noise_humaneval_04,code_generation,HumanEval,surface_noise,0.16979210642152154,0.11318825257516192,0.13393573812844264,0.12356199535180229,0.08990787477852341,0.0,1.0,0.0,1.0,1.0,1.0,0.6666666666666666,0.6666666666666666,0.0,0.0,0.0,0.4714045207910317,0,0
promptrobust_pdr_surface_noise_humaneval_05,code_generation,HumanEval,surface_noise,0.0026820328913418345,0.013675275308615195,0.0030386112825780596,0.008356943295596627,0.007528100476336218,0.0,0.0,0.0,0.0,0.0,0.0,0.0,0.0,0.0,0.0,0.0,0.0,0,0
promptrobust_pdr_surface_noise_humaneval_06,code_generation,HumanEval,surface_noise,0.05926565957685104,0.03369049020000044,0.04065749173431854,0.037173990967159495,0.049390033311389914,0.012216042344230418,0.0,0.0,0.0,0.0,0.0,0.0,0.0,0.0,0.0,0.0,0.0,0,0
promptrobust_pdr_surface_noise_humaneval_07,code_generation,HumanEval,surface_noise,0.03939634923998936,0.02711803523449674,0.029461286860248775,0.02828966104737276,0.023237146169358434,0.0,1.0,1.0,0.0,0.0,0.0,1.0,1.0,0.0,0.0,0.0,0.0,0,0
promptrobust_pdr_surface_noise_humaneval_08,code_generation,HumanEval,surface_noise,7.089612855670779e-07,1.1102230246251565e-16,1.1102230246251565e-16,1.1102230246251565e-16,7.089612855670779e-07,7.089612854560556e-07,0.0,0.0,0.0,0.0,0.0,0.0,0.0,0.0,0.0,0.0,0.0,0,0
promptrobust_pdr_surface_noise_humaneval_09,code_generation,HumanEval,surface_noise,0.12312336255741219,3.516681717682009e-07,0.030968058301400998,0.015484204984786382,0.11758460084061814,0.10210039585583176,1.0,0.0,1.0,1.0,1.0,1.0,0.0,1.0,1.0,1.0,0.0,1,1
promptrobust_pdr_surface_noise_humaneval_10,code_generation,HumanEval,surface_noise,0.16817062242529135,0.13474474660170643,0.16026946900062844,0.14750710780116744,0.12361354522495512,0.0,0.0,0.0,0.0,0.0,0.0,0.0,0.0,0.0,0.0,0.0,0.0,0,0
promptrobust_pdr_context_injection_squad_01,factual_qa,SQuAD V2,context_injection,0.0,0.0,0.0,0.0,0.0,0.0,1.0,1.0,0.0,0.0,0.0,1.0,1.0,0.0,0.0,0.0,0.0,0,0
promptrobust_pdr_context_injection_squad_02,factual_qa,SQuAD V2,context_injection,0.0,2.5767645580228776e-07,0.06874118471342316,0.03437072119493948,0.06874632611536623,0.034375604920426746,0.0,0.0,0.0,0.0,0.0,0.0,0.6666666666666666,-0.6666666666666666,0.6666666666666666,0.0,0.23570226039551584,0,1
promptrobust_pdr_context_injection_squad_03,factual_qa,SQuAD V2,context_injection,0.02919495159245933,0.019458261978567926,0.019448284907311653,0.01945327344293979,0.016216257030866314,0.0,0.0,1.0,-1.0,1.0,0.0,0.3333333333333333,0.6666666666666666,-0.3333333333333333,0.3333333333333333,-1.0,0.4714045207910317,0,1
promptrobust_pdr_context_injection_squad_04,factual_qa,SQuAD V2,context_injection,2.220446049250313e-16,2.220446049250313e-16,2.220446049250313e-16,2.220446049250313e-16,2.220446049250313e-16,0.0,1.0,1.0,0.0,0.0,0.0,1.0,1.0,0.0,0.0,0.0,0.0,0,0
promptrobust_pdr_context_injection_squad_05,factual_qa,SQuAD V2,context_injection,0.0,0.0,0.0,0.0,0.0,0.0,1.0,1.0,0.0,0.0,0.0,1.0,1.0,0.0,0.0,0.0,0.0,0,0
promptrobust_pdr_context_injection_squad_06,factual_qa,SQuAD V2,context_injection,1.1102230246251565e-16,1.1102230246251565e-16,1.1102230246251565e-16,1.1102230246251565e-16,1.1102230246251565e-16,0.0,1.0,1.0,0.0,0.0,0.0,1.0,1.0,0.0,0.0,0.0,0.0,0,0
promptrobust_pdr_context_injection_squad_07,factual_qa,SQuAD V2,context_injection,0.0,0.0,0.0,0.0,0.0,0.0,0.0,0.0,0.0,0.0,0.0,0.0,0.0,0.0,0.0,0.0,0.0,0,0
promptrobust_pdr_context_injection_squad_08,factual_qa,SQuAD V2,context_injection,2.220446049250313e-16,2.220446049250313e-16,2.220446049250313e-16,2.220446049250313e-16,2.220446049250313e-16,0.0,0.0,0.0,0.0,0.0,0.0,0.0,0.0,0.0,0.0,0.0,0.0,0,0
promptrobust_pdr_context_injection_squad_09,factual_qa,SQuAD V2,context_injection,0.0,0.0,0.0,0.0,0.0,0.0,1.0,1.0,0.0,0.0,0.0,1.0,1.0,0.0,0.0,0.0,0.0,0,0
promptrobust_pdr_context_injection_squad_10,factual_qa,SQuAD V2,context_injection,0.0,0.0,0.0,0.0,0.0,0.0,1.0,1.0,0.0,0.0,0.0,1.0,1.0,0.0,0.0,0.0,0.0,0,0
promptrobust_pdr_formatting_squad_01,factual_qa,SQuAD V2,formatting,4.849684922536568e-07,0.0,0.0,0.0,4.849684922536568e-07,4.849684922536568e-07,1.0,1.0,0.0,0.0,0.0,1.0,1.0,0.0,0.0,0.0,0.0,0,0
promptrobust_pdr_formatting_squad_02,factual_qa,SQuAD V2,formatting,0.10311177707013464,0.0687411847134231,0.0,0.03437059235671155,0.03437059235671155,0.0,1.0,0.0,1.0,1.0,1.0,0.3333333333333333,0.0,0.3333333333333333,0.3333333333333333,1.0,0.23570226039551584,1,1
promptrobust_pdr_formatting_squad_03,factual_qa,SQuAD V2,formatting,0.0,0.019448284907311653,0.0,0.009724142453655826,0.009724142453655826,0.0,0.0,0.0,0.0,0.0,0.0,0.3333333333333333,0.0,0.3333333333333333,0.3333333333333333,1.0,0.23570226039551584,1,1
promptrobust_pdr_formatting_squad_04,factual_qa,SQuAD V2,formatting,0.0015666150468879314,1.1102230246251565e-16,2.220446049250313e-16,1.6653345369377348e-16,0.0015666150468879314,0.0015666150468877649,1.0,1.0,0.0,0.0,0.0,1.0,1.0,0.0,0.0,0.0,0.0,0,0
promptrobust_pdr_formatting_squad_05,factual_qa,SQuAD V2,formatting,0.0,0.0,0.0,0.0,0.0,0.0,1.0,1.0,0.0,0.0,0.0,1.0,1.0,0.0,0.0,0.0,0.0,0,0
promptrobust_pdr_formatting_squad_06,factual_qa,SQuAD V2,formatting,4.963294029103338e-07,1.1102230246251565e-16,0.0,5.551115123125783e-17,4.963294029103338e-07,4.963294028548226e-07,1.0,1.0,0.0,0.0,0.0,1.0,1.0,0.0,0.0,0.0,0.0,0,0
promptrobust_pdr_formatting_squad_07,factual_qa,SQuAD V2,formatting,4.5152502636813807e-07,0.0,0.0,0.0,4.5152502636813807e-07,4.5152502636813807e-07,0.0,0.0,0.0,0.0,0.0,0.0,0.0,0.0,0.0,0.0,0.0,0,0
promptrobust_pdr_formatting_squad_08,factual_qa,SQuAD V2,formatting,2.220446049250313e-16,2.220446049250313e-16,2.220446049250313e-16,2.220446049250313e-16,2.220446049250313e-16,0.0,0.0,0.0,0.0,0.0,0.0,0.0,0.0,0.0,0.0,0.0,0.0,0,0
promptrobust_pdr_formatting_squad_09,factual_qa,SQuAD V2,formatting,0.0,0.06487840711693882,0.06487840711693882,0.06487840711693882,0.043252271411292544,0.0,1.0,1.0,0.0,0.0,0.0,1.0,1.0,0.0,0.0,0.0,0.0,0,0
promptrobust_pdr_formatting_squad_10,factual_qa,SQuAD V2,formatting,0.0,0.0,0.0,0.0,0.0,0.0,1.0,1.0,0.0,0.0,0.0,1.0,1.0,0.0,0.0,0.0,0.0,0,0
promptrobust_pdr_paraphrase_squad_01,factual_qa,SQuAD V2,paraphrase,4.849684922536568e-07,0.0,0.0,0.0,4.849684922536568e-07,4.849684922536568e-07,1.0,1.0,0.0,0.0,0.0,1.0,1.0,0.0,0.0,0.0,0.0,0,0
promptrobust_pdr_paraphrase_squad_02,factual_qa,SQuAD V2,paraphrase,0.0,0.0,0.0,0.0,0.0,0.0,0.0,0.0,0.0,0.0,0.0,0.0,0.0,0.0,0.0,0.0,0.0,0,0
promptrobust_pdr_paraphrase_squad_03,factual_qa,SQuAD V2,paraphrase,3.7363634963760717e-07,0.019458261978567926,0.0,0.009729130989283963,0.009721945989479766,0.0,0.0,0.0,0.0,0.0,0.0,0.3333333333333333,0.0,0.3333333333333333,0.3333333333333333,1.0,0.23570226039551584,1,1
promptrobust_pdr_paraphrase_squad_04,factual_qa,SQuAD V2,paraphrase,2.220446049250313e-16,2.220446049250313e-16,2.220446049250313e-16,2.220446049250313e-16,2.220446049250313e-16,0.0,1.0,1.0,0.0,0.0,0.0,1.0,1.0,0.0,0.0,0.0,0.0,0,0
promptrobust_pdr_paraphrase_squad_05,factual_qa,SQuAD V2,paraphrase,2.278288269930151e-05,0.0,0.0,0.0,2.278288269930151e-05,2.278288269930151e-05,1.0,1.0,0.0,0.0,0.0,1.0,1.0,0.0,0.0,0.0,0.0,0,0
promptrobust_pdr_paraphrase_squad_06,factual_qa,SQuAD V2,paraphrase,1.1102230246251565e-16,1.1102230246251565e-16,1.1102230246251565e-16,1.1102230246251565e-16,1.1102230246251565e-16,0.0,1.0,1.0,0.0,0.0,0.0,1.0,1.0,0.0,0.0,0.0,0.0,0,0
promptrobust_pdr_paraphrase_squad_07,factual_qa,SQuAD V2,paraphrase,0.0,0.0,0.0,0.0,0.0,0.0,0.0,0.0,0.0,0.0,0.0,0.0,0.0,0.0,0.0,0.0,0.0,0,0
promptrobust_pdr_paraphrase_squad_08,factual_qa,SQuAD V2,paraphrase,0.41575019866255525,2.220446049250313e-16,0.0,1.1102230246251565e-16,0.41575019866255525,0.41575019866255514,0.0,0.0,0.0,0.0,0.0,0.0,0.0,0.0,0.0,0.0,0.0,0,0
promptrobust_pdr_paraphrase_squad_09,factual_qa,SQuAD V2,paraphrase,0.0002940575901799747,0.0,0.15899769054514565,0.07949884527257282,0.08021356494178367,0.0007147196692108421,1.0,1.0,0.0,0.0,0.0,1.0,0.6666666666666666,0.33333333333333337,0.33333333333333337,0.33333333333333337,0.23570226039551584,1,1
promptrobust_pdr_paraphrase_squad_10,factual_qa,SQuAD V2,paraphrase,0.0,0.0,0.0,0.0,0.0,0.0,1.0,1.0,0.0,0.0,0.0,1.0,1.0,0.0,0.0,0.0,0.0,0,0
promptrobust_pdr_reordering_squad_01,factual_qa,SQuAD V2,reordering,0.0,0.0,0.0,0.0,0.0,0.0,1.0,1.0,0.0,0.0,0.0,1.0,1.0,0.0,0.0,0.0,0.0,0,0
promptrobust_pdr_reordering_squad_02,factual_qa,SQuAD V2,reordering,0.0,0.0,0.0,0.0,0.0,0.0,0.0,0.0,0.0,0.0,0.0,0.0,0.0,0.0,0.0,0.0,0.0,0,0
promptrobust_pdr_reordering_squad_03,factual_qa,SQuAD V2,reordering,3.7363634963760717e-07,0.0,0.0,0.0,3.7363634963760717e-07,3.7363634963760717e-07,0.0,0.0,0.0,0.0,0.0,0.0,0.0,0.0,0.0,0.0,0.0,0,0
promptrobust_pdr_reordering_squad_04,factual_qa,SQuAD V2,reordering,0.0015666150468879314,2.220446049250313e-16,1.1102230246251565e-16,1.6653345369377348e-16,0.0015666150468879314,0.0015666150468877649,1.0,1.0,0.0,0.0,0.0,1.0,1.0,0.0,0.0,0.0,0.0,0,0
promptrobust_pdr_reordering_squad_05,factual_qa,SQuAD V2,reordering,0.0,0.0,0.0,0.0,0.0,0.0,1.0,1.0,0.0,0.0,0.0,1.0,1.0,0.0,0.0,0.0,0.0,0,0
promptrobust_pdr_reordering_squad_06,factual_qa,SQuAD V2,reordering,1.1102230246251565e-16,1.1102230246251565e-16,1.1102230246251565e-16,1.1102230246251565e-16,1.1102230246251565e-16,0.0,1.0,1.0,0.0,0.0,0.0,1.0,1.0,0.0,0.0,0.0,0.0,0,0
promptrobust_pdr_reordering_squad_07,factual_qa,SQuAD V2,reordering,0.0,0.0,0.0,0.0,0.0,0.0,0.0,0.0,0.0,0.0,0.0,0.0,0.0,0.0,0.0,0.0,0.0,0,0
promptrobust_pdr_reordering_squad_08,factual_qa,SQuAD V2,reordering,2.220446049250313e-16,2.220446049250313e-16,2.220446049250313e-16,2.220446049250313e-16,2.220446049250313e-16,0.0,0.0,0.0,0.0,0.0,0.0,0.0,0.0,0.0,0.0,0.0,0.0,0,0
promptrobust_pdr_reordering_squad_09,factual_qa,SQuAD V2,reordering,0.0,0.0,0.0,0.0,0.0,0.0,1.0,1.0,0.0,0.0,0.0,1.0,1.0,0.0,0.0,0.0,0.0,0,0
promptrobust_pdr_reordering_squad_10,factual_qa,SQuAD V2,reordering,5.578079276258308e-07,0.0,0.0,0.0,5.578079276258308e-07,5.578079276258308e-07,1.0,1.0,0.0,0.0,0.0,1.0,1.0,0.0,0.0,0.0,0.0,0,0
promptrobust_pdr_surface_noise_squad_01,factual_qa,SQuAD V2,surface_noise,0.0,0.0,0.0,0.0,0.0,0.0,1.0,1.0,0.0,0.0,0.0,1.0,1.0,0.0,0.0,0.0,0.0,0,0
promptrobust_pdr_surface_noise_squad_02,factual_qa,SQuAD V2,surface_noise,3.535129430298767e-07,0.0,2.3567529535325113e-07,1.1783764767662556e-07,2.3567529535325113e-07,1.1783764767662556e-07,0.0,0.0,0.0,0.0,0.0,0.0,0.0,0.0,0.0,0.0,0.0,0,0
promptrobust_pdr_surface_noise_squad_03,factual_qa,SQuAD V2,surface_noise,0.0,0.0,0.0,0.0,0.0,0.0,0.0,0.0,0.0,0.0,0.0,0.0,0.0,0.0,0.0,0.0,0.0,0,0
promptrobust_pdr_surface_noise_squad_04,factual_qa,SQuAD V2,surface_noise,2.220446049250313e-16,2.220446049250313e-16,2.220446049250313e-16,2.220446049250313e-16,2.220446049250313e-16,0.0,1.0,1.0,0.0,0.0,0.0,1.0,1.0,0.0,0.0,0.0,0.0,0,0
promptrobust_pdr_surface_noise_squad_05,factual_qa,SQuAD V2,surface_noise,0.0,0.0,0.0,0.0,0.0,0.0,1.0,1.0,0.0,0.0,0.0,1.0,1.0,0.0,0.0,0.0,0.0,0,0
promptrobust_pdr_surface_noise_squad_06,factual_qa,SQuAD V2,surface_noise,1.1102230246251565e-16,1.1102230246251565e-16,1.1102230246251565e-16,1.1102230246251565e-16,1.1102230246251565e-16,0.0,1.0,1.0,0.0,0.0,0.0,1.0,1.0,0.0,0.0,0.0,0.0,0,0
promptrobust_pdr_surface_noise_squad_07,factual_qa,SQuAD V2,surface_noise,0.0,0.0,0.0,0.0,0.0,0.0,0.0,0.0,0.0,0.0,0.0,0.0,0.0,0.0,0.0,0.0,0.0,0,0
promptrobust_pdr_surface_noise_squad_08,factual_qa,SQuAD V2,surface_noise,2.220446049250313e-16,2.220446049250313e-16,0.2771667991083702,0.13858339955418522,0.13858339955418522,0.0,0.0,0.0,0.0,0.0,0.0,0.0,0.0,0.0,0.0,0.0,0.0,0,0
promptrobust_pdr_surface_noise_squad_09,factual_qa,SQuAD V2,surface_noise,0.033566324360715605,0.0,0.02237754957381048,0.01118877478690524,0.022377549573810402,0.011188774786905163,1.0,0.0,1.0,1.0,1.0,1.0,0.3333333333333333,0.6666666666666667,0.6666666666666667,0.6666666666666667,0.23570226039551584,1,1
promptrobust_pdr_surface_noise_squad_10,factual_qa,SQuAD V2,surface_noise,0.0,0.0,0.0,0.0,0.0,0.0,1.0,1.0,0.0,0.0,0.0,1.0,1.0,0.0,0.0,0.0,0.0,0,0
promptrobust_pdr_context_injection_math_01,math_reasoning,MATH,context_injection,0.030184564405300263,0.0372508778499275,0.041908347976776304,0.0395796129133519,0.0387011045192891,0.0,1.0,1.0,0.0,0.0,0.0,1.0,1.0,0.0,0.0,0.0,0.0,0,0
promptrobust_pdr_context_injection_math_02,math_reasoning,MATH,context_injection,0.05507060287490129,0.02543398459594204,0.05200444090555393,0.03871921275074798,0.035106421378060255,0.0,0.0,0.0,0.0,0.0,0.0,0.0,0.0,0.0,0.0,0.0,0.0,0,0
promptrobust_pdr_context_injection_math_03,math_reasoning,MATH,context_injection,0.02269152769322158,0.08651051042663734,0.11346606318900283,0.09998828680782008,0.10627618556229833,0.006287898754478244,0.0,0.0,0.0,0.0,0.0,0.0,0.0,0.0,0.0,0.0,0.0,0,0
promptrobust_pdr_context_injection_math_04,math_reasoning,MATH,context_injection,0.05292987519364878,0.04363733590304678,0.08157130127786023,0.06260431859045351,0.0687409368214606,0.006136618231007085,1.0,1.0,0.0,0.0,0.0,1.0,0.6666666666666666,0.33333333333333337,0.33333333333333337,0.33333333333333337,0.23570226039551584,1,1
promptrobust_pdr_context_injection_math_05,math_reasoning,MATH,context_injection,0.033637265621550894,0.03078448505886903,0.05481237487175061,0.042798429965309824,0.04168108258153769,0.0,0.0,1.0,-1.0,1.0,0.0,0.6666666666666666,1.0,-0.33333333333333337,0.33333333333333337,-0.5000000000000001,0.23570226039551584,0,1
promptrobust_pdr_context_injection_math_06,math_reasoning,MATH,context_injection,0.011596862861271706,0.0061173913406104745,0.013834605504109901,0.009975998422360188,0.012262283752830474,0.0022862853304702856,0.0,1.0,-1.0,1.0,0.0,0.3333333333333333,0.6666666666666666,-0.3333333333333333,0.3333333333333333,-1.0,0.4714045207910317,0,1
promptrobust_pdr_context_injection_math_07,math_reasoning,MATH,context_injection,0.05924866850952892,0.04511702572250501,0.05713657218690319,0.0511267989547041,0.046440882431622955,0.0,0.0,0.0,0.0,0.0,0.0,0.0,0.0,0.0,0.0,0.0,0.0,0,0
promptrobust_pdr_context_injection_math_08,math_reasoning,MATH,context_injection,0.021804546570331595,0.028681967694210015,0.013242832526752549,0.020962400110481283,0.022825303186545617,0.0018629030760643345,1.0,0.0,1.0,1.0,1.0,0.3333333333333333,0.0,0.3333333333333333,0.3333333333333333,1.0,0.23570226039551584,1,1
promptrobust_pdr_context_injection_math_09,math_reasoning,MATH,context_injection,0.06089103589030842,0.10082223357202236,0.053602486427816544,0.07721235999991945,0.06785137806152425,0.0,0.0,0.0,0.0,0.0,0.0,0.3333333333333333,0.3333333333333333,0.0,0.0,0.0,0.4714045207910317,0,0
promptrobust_pdr_context_injection_math_10,math_reasoning,MATH,context_injection,0.018364968048219854,0.03368681914761851,0.031383114769096464,0.03253496695835749,0.03158332517809475,0.0,0.0,0.0,0.0,0.0,0.0,0.0,0.0,0.0,0.0,0.0,0.0,0,0
promptrobust_pdr_formatting_math_01,math_reasoning,MATH,formatting,0.02169737766531299,0.028591490594002344,0.026585812665143333,0.027588651629572837,0.02615918404764297,0.0,1.0,1.0,0.0,0.0,0.0,1.0,1.0,0.0,0.0,0.0,0.0,0,0
promptrobust_pdr_formatting_math_02,math_reasoning,MATH,formatting,0.03327708648019956,0.032664304875564674,0.05652232773706667,0.044593316306315675,0.05066158045212646,0.006068264145810784,0.0,1.0,-1.0,1.0,0.0,0.0,0.6666666666666666,-0.6666666666666666,0.6666666666666666,0.0,0.23570226039551584,0,1
promptrobust_pdr_formatting_math_03,math_reasoning,MATH,formatting,0.15580014270095766,0.07168283985008324,0.05323910219259875,0.062460971021340995,0.16746868786033084,0.10500771683898985,0.0,0.0,0.0,0.0,0.0,0.0,0.0,0.0,0.0,0.0,0.0,0,0
promptrobust_pdr_formatting_math_04,math_reasoning,MATH,formatting,0.025343459838937488,0.0920549282218391,0.061637554086305,0.07684624115407204,0.07182670773971986,0.0,1.0,1.0,0.0,0.0,0.0,0.3333333333333333,1.0,-0.6666666666666667,0.6666666666666667,-2.0000000000000004,0.23570226039551584,0,1
promptrobust_pdr_formatting_math_05,math_reasoning,MATH,formatting,0.02179703004028799,0.046184341955014675,0.035238304122259034,0.04071132303863685,0.037391500688076125,0.0,0.0,1.0,-1.0,1.0,0.0,0.3333333333333333,1.0,-0.6666666666666667,0.6666666666666667,-2.0000000000000004,0.23570226039551584,0,1
promptrobust_pdr_formatting_math_06,math_reasoning,MATH,formatting,0.028533591082057774,0.012881475043864202,0.020825501956693415,0.016853488500278808,0.015559668872555839,0.0,1.0,1.0,0.0,0.0,0.0,1.0,1.0,0.0,0.0,0.0,0.0,0,0
promptrobust_pdr_formatting_math_07,math_reasoning,MATH,formatting,0.08923114794643694,0.05592298681283255,0.07997287081572413,0.06794792881427834,0.059124997102223915,0.0,0.0,0.0,0.0,0.0,0.0,0.0,0.0,0.0,0.0,0.0,0.0,0,0
promptrobust_pdr_formatting_math_08,math_reasoning,MATH,formatting,0.008637392963178891,0.009871958944196754,0.01320039790443365,0.011536178424315202,0.013269667788334926,0.0017334893640197236,0.0,0.0,0.0,0.0,0.0,0.3333333333333333,0.3333333333333333,0.0,0.0,0.0,0.4714045207910317,0,0
promptrobust_pdr_formatting_math_09,math_reasoning,MATH,formatting,0.05286075785670796,0.058159114753670416,0.09089650154131064,0.07452780814749052,0.0717425170114923,0.0,0.0,0.0,0.0,0.0,0.0,0.3333333333333333,0.6666666666666666,-0.3333333333333333,0.3333333333333333,-1.0,0.4714045207910317,0,1
promptrobust_pdr_formatting_math_10,math_reasoning,MATH,formatting,0.03858081654755363,0.03155050063515985,0.029024521254309803,0.03028751094473483,0.03217888300184871,0.0018913720571138784,0.0,0.0,0.0,0.0,0.0,0.0,0.0,0.0,0.0,0.0,0.0,0,0
promptrobust_pdr_paraphrase_math_01,math_reasoning,MATH,paraphrase,0.02838693411536719,0.020104456778754793,0.02881597033998547,0.02446021355937013,0.030203460053344375,0.005743246493974244,1.0,1.0,0.0,0.0,0.0,1.0,0.6666666666666666,0.33333333333333337,0.33333333333333337,0.33333333333333337,0.23570226039551584,1,1
promptrobust_pdr_paraphrase_math_02,math_reasoning,MATH,paraphrase,0.007800013362334601,0.05344266847787105,0.024436626190706967,0.03893964733428901,0.03558782955676392,0.0,0.0,0.0,0.0,0.0,0.0,0.0,0.3333333333333333,-0.3333333333333333,0.3333333333333333,0.0,0.23570226039551584,0,1
promptrobust_pdr_paraphrase_math_03,math_reasoning,MATH,paraphrase,0.09113000820561235,0.1474771134572411,0.12252204288059458,0.13499957816891783,0.13890209702661296,0.003902518857695131,0.0,0.0,0.0,0.0,0.0,0.0,0.0,0.0,0.0,0.0,0.0,0,0
promptrobust_pdr_paraphrase_math_04,math_reasoning,MATH,paraphrase,0.06239944187062052,0.08695843645481464,0.0424431348831259,0.06470078566897028,0.07215295410480721,0.007452168435836931,1.0,1.0,0.0,0.0,0.0,1.0,1.0,0.0,0.0,0.0,0.0,0,0
promptrobust_pdr_paraphrase_math_05,math_reasoning,MATH,paraphrase,0.0838128778583993,0.06116667572620749,0.019137146933179916,0.0401519113296937,0.03610989500162368,0.0,1.0,0.0,1.0,1.0,1.0,0.3333333333333333,0.6666666666666666,-0.3333333333333333,0.3333333333333333,-1.0,0.4714045207910317,0,1
promptrobust_pdr_paraphrase_math_06,math_reasoning,MATH,paraphrase,0.0031408350856583223,0.013082369807631333,0.009507448713278724,0.011294909260455028,0.012458159620424007,0.0011632503599689793,0.0,0.0,0.0,0.0,0.0,0.3333333333333333,0.0,0.3333333333333333,0.3333333333333333,1.0,0.23570226039551584,1,1
promptrobust_pdr_paraphrase_math_07,math_reasoning,MATH,paraphrase,0.0647237307302172,0.06049242298812781,0.0442838162767325,0.05238811963243016,0.059881314457137576,0.007493194824707415,0.0,0.0,0.0,0.0,0.0,0.0,0.0,0.0,0.0,0.0,0.0,0,0
promptrobust_pdr_paraphrase_math_08,math_reasoning,MATH,paraphrase,0.019018666272399676,0.01643862960726794,0.013509836352532742,0.014974232979900342,0.01430368393365712,0.0,1.0,0.0,1.0,1.0,1.0,0.6666666666666666,0.0,0.6666666666666666,0.6666666666666666,1.0,0.23570226039551584,1,1
promptrobust_pdr_paraphrase_math_09,math_reasoning,MATH,paraphrase,0.07204048091246362,0.06959662160364925,0.06719344371333584,0.06839503265849255,0.07025298077632429,0.0018579481178317425,0.0,0.0,0.0,0.0,0.0,0.0,0.3333333333333333,-0.3333333333333333,0.3333333333333333,0.0,0.23570226039551584,0,1
promptrobust_pdr_paraphrase_math_10,math_reasoning,MATH,paraphrase,0.027488283498105393,0.02712468937431123,0.03978478215218395,0.03345473576324759,0.0324258945784515,0.0,0.0,0.0,0.0,0.0,0.0,0.0,0.0,0.0,0.0,0.0,0.0,0,0
promptrobust_pdr_reordering_math_01,math_reasoning,MATH,reordering,0.03460397451009167,0.044279262797455865,0.023707424779918274,0.03399334378868707,0.031539477303231,0.0,1.0,1.0,0.0,0.0,0.0,0.6666666666666666,1.0,-0.33333333333333337,0.33333333333333337,-0.5000000000000001,0.23570226039551584,0,1
promptrobust_pdr_reordering_math_02,math_reasoning,MATH,reordering,0.08464819017370284,0.04866498822231954,0.0424728246171154,0.04556890641971747,0.03565849663154087,0.0,0.0,0.0,0.0,0.0,0.0,0.0,0.3333333333333333,-0.3333333333333333,0.3333333333333333,0.0,0.23570226039551584,0,1
promptrobust_pdr_reordering_math_03,math_reasoning,MATH,reordering,0.14454367730376527,0.11127636139029858,0.10994445343920552,0.11061040741475205,0.0991304701871864,0.0,0.0,0.0,0.0,0.0,0.0,0.0,0.0,0.0,0.0,0.0,0.0,0,0
promptrobust_pdr_reordering_math_04,math_reasoning,MATH,reordering,0.0230207281772139,0.10060216645988833,0.04733115778503205,0.0739666621224602,0.06780741749236438,0.0,1.0,1.0,0.0,0.0,0.0,0.6666666666666666,1.0,-0.33333333333333337,0.33333333333333337,-0.5000000000000001,0.23570226039551584,0,1
promptrobust_pdr_reordering_math_05,math_reasoning,MATH,reordering,0.07256616057111498,0.051749667478678485,0.016528639526908712,0.0341391535027936,0.0432169824146804,0.009077828911886805,1.0,1.0,0.0,0.0,0.0,1.0,0.3333333333333333,0.6666666666666667,0.6666666666666667,0.6666666666666667,0.23570226039551584,1,1
promptrobust_pdr_reordering_math_06,math_reasoning,MATH,reordering,0.03999979120585817,0.011441008717162285,0.03389515621557426,0.022668082466368273,0.03337481253196074,0.01070673006559247,1.0,1.0,0.0,0.0,0.0,0.6666666666666666,1.0,-0.33333333333333337,0.33333333333333337,-0.5000000000000001,0.23570226039551584,0,1
promptrobust_pdr_reordering_math_07,math_reasoning,MATH,reordering,0.04536848309092778,0.11529817533379856,0.09309054992489744,0.104194362629348,0.08067695297917138,0.0,0.0,0.0,0.0,0.0,0.0,0.0,0.0,0.0,0.0,0.0,0.0,0,0
promptrobust_pdr_reordering_math_08,math_reasoning,MATH,reordering,0.0076643786624102095,0.006697899754313637,0.021248529109102687,0.013973214431708162,0.014619585373793079,0.0006463709420849173,0.0,0.0,0.0,0.0,0.0,0.3333333333333333,0.0,0.3333333333333333,0.3333333333333333,1.0,0.23570226039551584,1,1
promptrobust_pdr_reordering_math_09,math_reasoning,MATH,reordering,0.05592417235348779,0.07636895009804785,0.06620900999753421,0.07128898004779102,0.07086599660371823,0.0,1.0,1.0,0.0,0.0,0.0,0.6666666666666666,0.6666666666666666,0.0,0.0,0.0,0.4714045207910317,0,0
promptrobust_pdr_reordering_math_10,math_reasoning,MATH,reordering,0.018243090057734945,0.02142090812446214,0.024444192997127228,0.022932550560794684,0.0188925052183511,0.0,0.0,0.0,0.0,0.0,0.0,0.0,0.0,0.0,0.0,0.0,0.0,0,0
promptrobust_pdr_surface_noise_math_01,math_reasoning,MATH,surface_noise,0.037489321058430614,0.03648841372710354,0.02375867352184291,0.030123543624473226,0.03683144275097826,0.006707899126505032,1.0,1.0,0.0,0.0,0.0,0.6666666666666666,1.0,-0.33333333333333337,0.33333333333333337,-0.5000000000000001,0.23570226039551584,0,1
promptrobust_pdr_surface_noise_math_02,math_reasoning,MATH,surface_noise,0.02213793215258486,0.016882837166829184,0.03855761663156887,0.02772022689919903,0.030593841935394037,0.0028736150361950083,1.0,0.0,1.0,1.0,1.0,0.3333333333333333,0.3333333333333333,0.0,0.0,0.0,0.4714045207910317,0,0
promptrobust_pdr_surface_noise_math_03,math_reasoning,MATH,surface_noise,0.22932643437848432,0.1343744924590394,0.16722897840867826,0.15080173543385883,0.1305515289144664,0.0,0.0,0.0,0.0,0.0,0.0,0.0,0.0,0.0,0.0,0.0,0.0,0,0
promptrobust_pdr_surface_noise_math_04,math_reasoning,MATH,surface_noise,0.06488551471849802,0.10330374071577231,0.09662699256528706,0.09996536664052968,0.08034400953489841,0.0,1.0,1.0,0.0,0.0,0.0,0.6666666666666666,1.0,-0.33333333333333337,0.33333333333333337,-0.5000000000000001,0.23570226039551584,0,1
promptrobust_pdr_surface_noise_math_05,math_reasoning,MATH,surface_noise,0.0372297760589928,0.04589757997446146,0.025928668916696835,0.03591312444557915,0.042842605642234396,0.006929481196655249,0.0,0.0,0.0,0.0,0.0,0.0,0.3333333333333333,-0.3333333333333333,0.3333333333333333,0.0,0.23570226039551584,0,1
promptrobust_pdr_surface_noise_math_06,math_reasoning,MATH,surface_noise,0.015027985505772445,0.006142980547329498,0.009255192931319304,0.007699086739324401,0.01452136063797391,0.006822273898649509,1.0,0.0,1.0,1.0,1.0,1.0,0.0,1.0,1.0,1.0,0.0,1,1
promptrobust_pdr_surface_noise_math_07,math_reasoning,MATH,surface_noise,0.030947925174553692,0.10366598825176325,0.0778838622101073,0.09077492523093528,0.07877063611349086,0.0,0.0,0.0,0.0,0.0,0.0,0.0,0.0,0.0,0.0,0.0,0.0,0,0
promptrobust_pdr_surface_noise_math_08,math_reasoning,MATH,surface_noise,0.005345286901875634,0.006309300012753131,0.007191391674368146,0.0067503458435606385,0.00988948254185773,0.003139136698297092,0.0,1.0,-1.0,1.0,0.0,0.0,1.0,-1.0,1.0,0.0,0.0,0,1
promptrobust_pdr_surface_noise_math_09,math_reasoning,MATH,surface_noise,0.06687653269873473,0.06595887700440757,0.056954364502453315,0.061456620753430447,0.05555388905928314,0.0,1.0,1.0,0.0,0.0,0.0,1.0,1.0,0.0,0.0,0.0,0.0,0,0
promptrobust_pdr_surface_noise_math_10,math_reasoning,MATH,surface_noise,0.02471193312846376,0.033207577881717465,0.04148074465118926,0.03734416126645336,0.033081646510883016,0.0,0.0,0.0,0.0,0.0,0.0,0.0,0.0,0.0,0.0,0.0,0.0,0,0
