base_case_id,task,dataset,perturbation_family,strength_level,strength_edits,original_noise,perturbed_noise,noise_baseline,raw_perturbation_drift,noise_corrected_drift,mean_cross_similarity,mean_paired_similarity,clean_single_correct,perturbed_single_correct,single_pass_rate_drop,abs_single_pass_rate_change,single_sample_pdr,clean_mean_correctness,perturbed_mean_correctness,repeated_pass_rate_drop,abs_repeated_pass_rate_change,repeated_sampling_pdr,harmful_correctness_drop,correctness_changed
rq2_dose_humaneval_05,code_generation,HumanEval,surface_noise,0,0,0.0,0.0,0.0,0.0,0.0,1.0,1.0,0.0,0.0,0.0,0.0,0.0,0.0,0.0,0.0,0.0,0.0,0,0
rq2_dose_humaneval_05,code_generation,HumanEval,surface_noise,1,2,0.03339088098317912,0.018056237625986838,0.025723559304582977,0.02211678718195866,0.0,0.9778832128180414,0.9743711165260706,0.0,0.0,0.0,0.0,0.0,0.0,0.0,0.0,0.0,0.0,0,0
rq2_dose_humaneval_05,code_generation,HumanEval,surface_noise,2,4,0.03339088098317912,0.0027347501543202534,0.018062815568749686,0.018036028195635035,0.0,0.981963971804365,0.9808002451988126,0.0,0.0,0.0,0.0,0.0,0.0,0.0,0.0,0.0,0.0,0,0
rq2_dose_humaneval_05,code_generation,HumanEval,surface_noise,3,8,0.03345289547135727,0.024651815911410323,0.029052355691383796,0.026373727997064583,0.0,0.9736262720029354,0.9822209207676356,0.0,0.0,0.0,0.0,0.0,0.0,0.0,0.0,0.0,0.0,0,0
rq2_dose_humaneval_05,code_generation,HumanEval,surface_noise,4,16,0.03339088098317912,0.019773421209626506,0.026582151096402815,0.027091136650585004,0.0005089855541821897,0.972908863349415,0.9709831470774211,0.0,0.0,0.0,0.0,0.0,0.0,0.0,0.0,0.0,0.0,0,0
rq2_dose_humaneval_10,code_generation,HumanEval,surface_noise,0,0,0.0,0.0,0.0,0.0,0.0,1.0,1.0,0.0,0.0,0.0,0.0,0.0,0.0,0.0,0.0,0.0,0.0,0,0
rq2_dose_humaneval_10,code_generation,HumanEval,surface_noise,1,2,0.14312293885800184,0.12649975716095874,0.1348113480094803,0.11286827910973199,0.0,0.887131720890268,0.8416179589888471,0.0,0.0,0.0,0.0,0.0,0.0,0.0,0.0,0.0,0.0,0,0
rq2_dose_humaneval_10,code_generation,HumanEval,surface_noise,2,4,0.14315092785003097,0.13942485616638134,0.14128789200820616,0.13826999565994763,0.0,0.8617300043400524,0.8920797332322502,0.0,0.0,0.0,0.0,0.0,0.0,0.0,0.0,0.0,0.0,0,0
rq2_dose_humaneval_10,code_generation,HumanEval,surface_noise,3,8,0.14313244439312442,0.15430349703811397,0.1487179707156192,0.1290887094267867,0.0,0.8709112905732133,0.816293267051876,0.0,0.0,0.0,0.0,0.0,0.0,0.0,0.0,0.0,0.0,0,0
rq2_dose_humaneval_10,code_generation,HumanEval,surface_noise,4,16,0.14313244439312442,0.1440915034722725,0.14361197393269848,0.13520974293564145,0.0,0.8647902570643585,0.9321653089962896,0.0,0.0,0.0,0.0,0.0,0.0,0.0,0.0,0.0,0.0,0,0
rq2_dose_humaneval_15,code_generation,HumanEval,surface_noise,0,0,0.0,0.0,0.0,0.0,0.0,1.0,1.0,0.0,0.0,0.0,0.0,0.0,0.0,0.0,0.0,0.0,0.0,0,0
rq2_dose_humaneval_15,code_generation,HumanEval,surface_noise,1,2,3.115200739367552e-07,3.115200739367552e-07,3.115200739367552e-07,2.492160591494041e-07,0.0,0.9999997507839409,0.9999997923199507,0.0,0.0,0.0,0.0,0.0,0.0,0.0,0.0,0.0,0.0,0,0
rq2_dose_humaneval_15,code_generation,HumanEval,surface_noise,2,4,0.0,0.0,0.0,0.0,0.0,1.0,1.0,0.0,0.0,0.0,0.0,0.0,0.0,0.0,0.0,0.0,0.0,0,0
rq2_dose_humaneval_15,code_generation,HumanEval,surface_noise,3,8,0.0,2.0768004929117013e-07,1.0384002464558506e-07,4.1536009858234025e-07,3.115200739367552e-07,0.9999995846399015,0.9999995846399015,0.0,0.0,0.0,0.0,0.0,0.0,0.0,0.0,0.0,0.0,0,0
rq2_dose_humaneval_15,code_generation,HumanEval,surface_noise,4,16,3.115200739367552e-07,2.0768004929117013e-07,2.5960006161396265e-07,2.2844805422028714e-07,0.0,0.9999997715519457,0.999999688479926,0.0,0.0,0.0,0.0,0.0,0.0,0.0,0.0,0.0,0.0,0,0
rq2_dose_humaneval_20,code_generation,HumanEval,surface_noise,0,0,0.0,0.0,0.0,0.0,0.0,1.0,1.0,1.0,1.0,0.0,0.0,0.0,1.0,1.0,0.0,0.0,0.0,0,0
rq2_dose_humaneval_20,code_generation,HumanEval,surface_noise,1,2,0.019780784470078826,0.03929501764663228,0.02953790105835555,0.1403188936682306,0.11078099260987506,0.8596811063317694,0.8647344276726093,1.0,0.0,1.0,1.0,1.0,1.0,0.0,1.0,1.0,1.0,1,1
rq2_dose_humaneval_20,code_generation,HumanEval,surface_noise,2,4,0.01979196813812225,0.13129579630393307,0.07554388222102766,0.13086968128541943,0.055325799064391765,0.8691303187145806,0.864067228166705,1.0,0.0,1.0,1.0,1.0,1.0,0.2,0.8,0.8,0.8,1,1
rq2_dose_humaneval_20,code_generation,HumanEval,surface_noise,3,8,0.01979196813812225,0.059299549670442965,0.03954575890428261,0.03885268719938657,0.0,0.9611473128006134,0.9628759449357798,1.0,0.0,1.0,1.0,1.0,1.0,0.8,0.19999999999999996,0.19999999999999996,0.19999999999999996,1,1
rq2_dose_humaneval_20,code_generation,HumanEval,surface_noise,4,16,0.01979196813812225,0.09381594810777258,0.05680395812294742,0.06804649616991822,0.011242538046970799,0.9319535038300818,0.9300671296020228,1.0,0.0,1.0,1.0,1.0,1.0,0.6,0.4,0.4,0.4,1,1
rq2_dose_humaneval_25,code_generation,HumanEval,surface_noise,0,0,0.0,0.0,0.0,0.0,0.0,1.0,1.0,1.0,1.0,0.0,0.0,0.0,1.0,1.0,0.0,0.0,0.0,0,0
rq2_dose_humaneval_25,code_generation,HumanEval,surface_noise,1,2,0.0004516022641342543,1.1102230246251565e-16,0.00022580113206718266,0.00022580113206718266,0.0,0.9997741988679328,0.9997741988679328,1.0,1.0,0.0,0.0,0.0,1.0,1.0,0.0,0.0,0.0,0,0
rq2_dose_humaneval_25,code_generation,HumanEval,surface_noise,2,4,0.0004516022641342543,0.0006774033962013148,0.0005645028301677846,0.0004967624905476598,0.0,0.9995032375094524,0.9993225966037986,1.0,1.0,0.0,0.0,0.0,1.0,1.0,0.0,0.0,0.0,0,0
rq2_dose_humaneval_25,code_generation,HumanEval,surface_noise,3,8,0.0004516022641342543,0.0004516022641342543,0.0004516022641342543,0.00036128181130742123,0.0,0.9996387181886925,0.9995483977358658,1.0,1.0,0.0,0.0,0.0,1.0,1.0,0.0,0.0,0.0,0,0
rq2_dose_humaneval_25,code_generation,HumanEval,surface_noise,4,16,0.0004516022641342543,0.0004516022641342543,0.0004516022641342543,0.00036128181130742123,0.0,0.9996387181886925,0.9999999999999999,1.0,1.0,0.0,0.0,0.0,1.0,1.0,0.0,0.0,0.0,0,0
rq2_dose_humaneval_30,code_generation,HumanEval,surface_noise,0,0,0.0,0.0,0.0,0.0,0.0,1.0,1.0,0.0,0.0,0.0,0.0,0.0,0.0,0.0,0.0,0.0,0.0,0,0
rq2_dose_humaneval_30,code_generation,HumanEval,surface_noise,1,2,3.511873491457429e-07,1.1102230246251565e-16,1.755936746283826e-07,3.511873491790496e-07,1.75593674550667e-07,0.9999996488126508,0.9999996488126508,0.0,0.0,0.0,0.0,0.0,0.0,0.0,0.0,0.0,0.0,0,0
rq2_dose_humaneval_30,code_generation,HumanEval,surface_noise,2,4,1.1102230246251565e-16,2.3412489948970717e-07,1.1706244980036473e-07,1.1706244980036473e-07,0.0,0.9999998829375502,0.9999998829375502,0.0,0.0,0.0,0.0,0.0,0.0,0.0,0.0,0.0,0.0,0,0
rq2_dose_humaneval_30,code_generation,HumanEval,surface_noise,3,8,1.1102230246251565e-16,1.1102230246251565e-16,1.1102230246251565e-16,1.1102230246251565e-16,0.0,0.9999999999999999,0.9999999999999999,0.0,0.0,0.0,0.0,0.0,0.0,0.0,0.0,0.0,0.0,0,0
rq2_dose_humaneval_30,code_generation,HumanEval,surface_noise,4,16,3.5118734916794734e-07,3.5118734916794734e-07,3.5118734916794734e-07,2.809498793476806e-07,0.0,0.9999997190501206,0.9999997658751005,0.0,0.0,0.0,0.0,0.0,0.0,0.0,0.0,0.0,0.0,0,0
rq2_dose_humaneval_35,code_generation,HumanEval,surface_noise,0,0,0.0,0.0,0.0,0.0,0.0,1.0,1.0,0.0,0.0,0.0,0.0,0.0,0.0,0.0,0.0,0.0,0.0,0,0
rq2_dose_humaneval_35,code_generation,HumanEval,surface_noise,1,2,0.0,1.1102230246251565e-16,5.551115123125783e-17,0.3297676375721741,0.32976763757217403,0.6702323624278259,0.6702323624278259,0.0,1.0,-1.0,1.0,0.0,0.0,1.0,-1.0,1.0,0.0,0,1
rq2_dose_humaneval_35,code_generation,HumanEval,surface_noise,2,4,0.0,1.1102230246251565e-16,5.551115123125783e-17,0.3297676375721741,0.32976763757217403,0.6702323624278259,0.6702323624278259,0.0,1.0,-1.0,1.0,0.0,0.0,1.0,-1.0,1.0,0.0,0,1
rq2_dose_humaneval_35,code_generation,HumanEval,surface_noise,3,8,0.0,1.1102230246251565e-16,5.551115123125783e-17,0.3297676375721741,0.32976763757217403,0.6702323624278259,0.6702323624278259,0.0,1.0,-1.0,1.0,0.0,0.0,1.0,-1.0,1.0,0.0,0,1
rq2_dose_humaneval_35,code_generation,HumanEval,surface_noise,4,16,0.0,1.1102230246251565e-16,5.551115123125783e-17,0.3297676375721741,0.32976763757217403,0.6702323624278259,0.6702323624278259,0.0,1.0,-1.0,1.0,0.0,0.0,1.0,-1.0,1.0,0.0,0,1
rq2_dose_humaneval_40,code_generation,HumanEval,surface_noise,0,0,0.0,0.0,0.0,0.0,0.0,1.0,1.0,1.0,1.0,0.0,0.0,0.0,1.0,1.0,0.0,0.0,0.0,0,0
rq2_dose_humaneval_40,code_generation,HumanEval,surface_noise,1,2,0.021214361806154193,0.05537027190324645,0.03829231685470032,0.03666671568468969,0.0,0.9633332843153103,0.9694601247390233,1.0,1.0,0.0,0.0,0.0,1.0,1.0,0.0,0.0,0.0,0,0
rq2_dose_humaneval_40,code_generation,HumanEval,surface_noise,2,4,0.021214361806154193,0.017409585380639813,0.019311973593397,0.01641649267659731,0.0,0.9835835073234027,0.9752677171386243,1.0,1.0,0.0,0.0,0.0,1.0,1.0,0.0,0.0,0.0,0,0
rq2_dose_humaneval_40,code_generation,HumanEval,surface_noise,3,8,0.021214361806154193,0.029399058260170717,0.025306710033162455,0.17517033275259564,0.14986362271943318,0.8248296672474044,0.824873039462446,1.0,1.0,0.0,0.0,0.0,1.0,1.0,0.0,0.0,0.0,0,0
rq2_dose_humaneval_40,code_generation,HumanEval,surface_noise,4,16,0.021214361806154193,0.09628092387322859,0.05874764283969139,0.14401145890917827,0.08526381606948688,0.8559885410908217,0.8558609449384624,1.0,1.0,0.0,0.0,0.0,1.0,1.0,0.0,0.0,0.0,0,0
rq2_dose_humaneval_45,code_generation,HumanEval,surface_noise,0,0,0.0,0.0,0.0,0.0,0.0,1.0,1.0,0.0,0.0,0.0,0.0,0.0,0.0,0.0,0.0,0.0,0.0,0,0
rq2_dose_humaneval_45,code_generation,HumanEval,surface_noise,1,2,0.04154080244876868,0.15426514491011314,0.09790297367944091,0.10879403778918596,0.010891064109745052,0.891205962210814,0.8950127686810786,0.0,1.0,-1.0,1.0,0.0,0.0,0.4,-0.4,0.4,0.0,0,1
rq2_dose_humaneval_45,code_generation,HumanEval,surface_noise,2,4,0.04154080244876868,0.039132796072462075,0.040336799260615376,0.045620088641680615,0.005283289381065238,0.9543799113583193,0.9452581479289012,0.0,0.0,0.0,0.0,0.0,0.0,0.0,0.0,0.0,0.0,0,0
rq2_dose_humaneval_45,code_generation,HumanEval,surface_noise,3,8,0.04154080244876868,0.07725906257982858,0.05939993251429863,0.05311406999776458,0.0,0.9468859300022354,0.9451474824339419,0.0,1.0,-1.0,1.0,0.0,0.0,0.2,-0.2,0.2,0.0,0,1
rq2_dose_humaneval_45,code_generation,HumanEval,surface_noise,4,16,0.04154080244876868,0.15556960851371293,0.0985552054812408,0.10806964552108406,0.009514440039843253,0.8919303544789159,0.8743742926260593,0.0,0.0,0.0,0.0,0.0,0.0,0.4,-0.4,0.4,0.0,0,1
rq2_dose_humaneval_50,code_generation,HumanEval,surface_noise,0,0,0.0,0.0,0.0,0.0,0.0,1.0,1.0,1.0,1.0,0.0,0.0,0.0,1.0,1.0,0.0,0.0,0.0,0,0
rq2_dose_humaneval_50,code_generation,HumanEval,surface_noise,1,2,1.1102230246251565e-16,0.08091106345885005,0.04045553172942508,0.08091093944802683,0.040455407718601746,0.9190890605519731,0.9190890605519731,1.0,1.0,0.0,0.0,0.0,1.0,1.0,0.0,0.0,0.0,0,0
rq2_dose_humaneval_50,code_generation,HumanEval,surface_noise,2,4,1.1102230246251565e-16,7.741531549767532e-05,3.8707657748893173e-05,3.8707657748893173e-05,0.0,0.9999612923422511,0.9999612923422511,1.0,1.0,0.0,0.0,0.0,1.0,1.0,0.0,0.0,0.0,0,0
rq2_dose_humaneval_50,code_generation,HumanEval,surface_noise,3,8,0.00011612297324642418,1.1102230246251565e-16,5.80614866232676e-05,0.00011612297324645749,5.806148662318989e-05,0.9998838770267535,0.9998838770267535,1.0,1.0,0.0,0.0,0.0,1.0,1.0,0.0,0.0,0.0,0,0
rq2_dose_humaneval_50,code_generation,HumanEval,surface_noise,4,16,0.00011612297324644638,7.741531549767532e-05,9.676914437206085e-05,8.515684704742288e-05,0.0,0.9999148431529525,0.9998838770267535,1.0,1.0,0.0,0.0,0.0,1.0,1.0,0.0,0.0,0.0,0,0
rq2_dose_squad_05,factual_qa,SQuAD V2,surface_noise,0,0,0.0,0.0,0.0,0.0,0.0,1.0,1.0,1.0,1.0,0.0,0.0,0.0,1.0,1.0,0.0,0.0,0.0,0,0
rq2_dose_squad_05,factual_qa,SQuAD V2,surface_noise,1,2,0.0,0.0,0.0,0.0,0.0,1.0,1.0,1.0,1.0,0.0,0.0,0.0,1.0,1.0,0.0,0.0,0.0,0,0
rq2_dose_squad_05,factual_qa,SQuAD V2,surface_noise,2,4,0.0,0.0,0.0,0.0,0.0,1.0,1.0,1.0,1.0,0.0,0.0,0.0,1.0,1.0,0.0,0.0,0.0,0,0
rq2_dose_squad_05,factual_qa,SQuAD V2,surface_noise,3,8,0.0,0.0,0.0,0.0,0.0,1.0,1.0,1.0,1.0,0.0,0.0,0.0,1.0,1.0,0.0,0.0,0.0,0,0
rq2_dose_squad_05,factual_qa,SQuAD V2,surface_noise,4,16,0.0,0.0,0.0,0.0,0.0,1.0,1.0,1.0,1.0,0.0,0.0,0.0,1.0,1.0,0.0,0.0,0.0,0,0
rq2_dose_squad_10,factual_qa,SQuAD V2,surface_noise,0,0,0.0,0.0,0.0,0.0,0.0,1.0,1.0,1.0,1.0,0.0,0.0,0.0,1.0,1.0,0.0,0.0,0.0,0,0
rq2_dose_squad_10,factual_qa,SQuAD V2,surface_noise,1,2,0.0,0.0,0.0,0.0,0.0,1.0,1.0,1.0,1.0,0.0,0.0,0.0,1.0,1.0,0.0,0.0,0.0,0,0
rq2_dose_squad_10,factual_qa,SQuAD V2,surface_noise,2,4,3.3468475657549845e-07,0.0,1.6734237828774923e-07,3.3468475657549845e-07,1.6734237828774923e-07,0.9999996653152434,0.9999996653152434,1.0,1.0,0.0,0.0,0.0,1.0,1.0,0.0,0.0,0.0,0,0
rq2_dose_squad_10,factual_qa,SQuAD V2,surface_noise,3,8,0.0,0.0,0.0,0.0,0.0,1.0,1.0,1.0,1.0,0.0,0.0,0.0,1.0,1.0,0.0,0.0,0.0,0,0
rq2_dose_squad_10,factual_qa,SQuAD V2,surface_noise,4,16,0.0,2.231231710503323e-07,1.1156158552516615e-07,1.1156158552516615e-07,0.0,0.9999998884384145,0.9999998884384145,1.0,1.0,0.0,0.0,0.0,1.0,1.0,0.0,0.0,0.0,0,0
rq2_dose_squad_15,factual_qa,SQuAD V2,surface_noise,0,0,0.0,0.0,0.0,0.0,0.0,1.0,1.0,1.0,1.0,0.0,0.0,0.0,1.0,1.0,0.0,0.0,0.0,0,0
rq2_dose_squad_15,factual_qa,SQuAD V2,surface_noise,1,2,0.0,0.054312286832041944,0.027156143416020972,0.027156143416020972,0.0,0.972843856583979,0.972843856583979,1.0,1.0,0.0,0.0,0.0,1.0,1.0,0.0,0.0,0.0,0,0
rq2_dose_squad_15,factual_qa,SQuAD V2,surface_noise,2,4,0.0,0.11581293676569412,0.05790646838284706,0.07821630139610976,0.020309833013262696,0.9217836986038902,0.9217836986038902,1.0,1.0,0.0,0.0,0.0,1.0,1.0,0.0,0.0,0.0,0,0
rq2_dose_squad_15,factual_qa,SQuAD V2,surface_noise,3,8,0.0,0.1262446751780829,0.06312233758904146,0.10211666840506117,0.03899433081601972,0.8978833315949388,0.8978833315949388,1.0,1.0,0.0,0.0,0.0,1.0,1.0,0.0,0.0,0.0,0,0
rq2_dose_squad_15,factual_qa,SQuAD V2,surface_noise,4,16,0.0,0.09538592274760167,0.047692961373800836,0.051060486944245184,0.0033675255704443477,0.9489395130557549,0.9489395130557549,1.0,1.0,0.0,0.0,0.0,1.0,1.0,0.0,0.0,0.0,0,0
rq2_dose_squad_20,factual_qa,SQuAD V2,surface_noise,0,0,0.0,0.0,0.0,0.0,0.0,1.0,1.0,1.0,1.0,0.0,0.0,0.0,1.0,1.0,0.0,0.0,0.0,0,0
rq2_dose_squad_20,factual_qa,SQuAD V2,surface_noise,1,2,0.0,0.0,0.0,0.0,0.0,1.0,1.0,1.0,1.0,0.0,0.0,0.0,1.0,1.0,0.0,0.0,0.0,0,0
rq2_dose_squad_20,factual_qa,SQuAD V2,surface_noise,2,4,2.5671731120890937e-07,1.7114487413927292e-07,2.1393109267409116e-07,1.8825936155320021e-07,0.0,0.9999998117406385,0.9999997432826888,1.0,1.0,0.0,0.0,0.0,1.0,1.0,0.0,0.0,0.0,0,0
rq2_dose_squad_20,factual_qa,SQuAD V2,surface_noise,3,8,2.5671731120890937e-07,0.0,1.2835865560445469e-07,2.5671731120890937e-07,1.2835865560445469e-07,0.9999997432826888,0.9999997432826888,1.0,1.0,0.0,0.0,0.0,1.0,1.0,0.0,0.0,0.0,0,0
rq2_dose_squad_20,factual_qa,SQuAD V2,surface_noise,4,16,0.0,0.0,0.0,0.0,0.0,1.0,1.0,1.0,1.0,0.0,0.0,0.0,1.0,1.0,0.0,0.0,0.0,0,0
rq2_dose_squad_25,factual_qa,SQuAD V2,surface_noise,0,0,0.0,0.0,0.0,0.0,0.0,1.0,1.0,0.6666666666666666,0.6666666666666666,0.0,0.0,0.0,0.9333333333333333,0.9333333333333333,0.0,0.0,0.0,0,0
rq2_dose_squad_25,factual_qa,SQuAD V2,surface_noise,1,2,0.36237708367640514,0.3916324366841,0.3770047601802526,0.4163776270721589,0.03937286689190633,0.5836223729278411,0.6593438416417507,0.6666666666666666,0.6666666666666666,0.0,0.0,0.0,0.9333333333333333,0.7999999999999999,0.13333333333333341,0.13333333333333341,0.14285714285714293,1,1
rq2_dose_squad_25,factual_qa,SQuAD V2,surface_noise,2,4,0.36210472302429964,0.02178860141608189,0.19194666222019077,0.30403066400346784,0.11208400178327707,0.6959693359965322,0.6980165870633849,0.6666666666666666,1.0,-0.33333333333333337,0.33333333333333337,-0.5000000000000001,0.9333333333333333,1.0,-0.06666666666666665,0.06666666666666665,-0.07142857142857141,0,1
rq2_dose_squad_25,factual_qa,SQuAD V2,surface_noise,3,8,0.36237299255845173,0.44072454811163997,0.4015487703350459,0.39386766158127956,0.0,0.6061323384187205,0.7361648877727809,0.6666666666666666,0.6666666666666666,0.0,0.0,0.0,0.9333333333333333,0.8666666666666667,0.06666666666666665,0.06666666666666665,0.07142857142857141,1,1
rq2_dose_squad_25,factual_qa,SQuAD V2,surface_noise,4,16,0.36237299255845173,0.4241606979209932,0.39326684523972244,0.3821539066108758,0.0,0.6178460933891242,0.5669427908182462,0.6666666666666666,1.0,-0.33333333333333337,0.33333333333333337,-0.5000000000000001,0.9333333333333333,0.8666666666666667,0.06666666666666665,0.06666666666666665,0.07142857142857141,1,1
rq2_dose_squad_30,factual_qa,SQuAD V2,surface_noise,0,0,0.0,0.0,0.0,0.0,0.0,1.0,1.0,1.0,1.0,0.0,0.0,0.0,1.0,1.0,0.0,0.0,0.0,0,0
rq2_dose_squad_30,factual_qa,SQuAD V2,surface_noise,1,2,0.0,0.0,0.0,0.0,0.0,1.0,1.0,1.0,1.0,0.0,0.0,0.0,1.0,1.0,0.0,0.0,0.0,0,0
rq2_dose_squad_30,factual_qa,SQuAD V2,surface_noise,2,4,0.0,0.0,0.0,0.0,0.0,1.0,1.0,1.0,1.0,0.0,0.0,0.0,1.0,1.0,0.0,0.0,0.0,0,0
rq2_dose_squad_30,factual_qa,SQuAD V2,surface_noise,3,8,0.0,0.0,0.0,0.0,0.0,1.0,1.0,1.0,1.0,0.0,0.0,0.0,1.0,1.0,0.0,0.0,0.0,0,0
rq2_dose_squad_30,factual_qa,SQuAD V2,surface_noise,4,16,0.0,3.826889678482104e-07,1.913444839241052e-07,3.82688967781597e-07,1.9134448385749182e-07,0.9999996173110323,0.9999996173110323,1.0,1.0,0.0,0.0,0.0,1.0,1.0,0.0,0.0,0.0,0,0
rq2_dose_squad_35,factual_qa,SQuAD V2,surface_noise,0,0,0.0,0.0,0.0,0.0,0.0,1.0,1.0,1.0,1.0,0.0,0.0,0.0,1.0,1.0,0.0,0.0,0.0,0,0
rq2_dose_squad_35,factual_qa,SQuAD V2,surface_noise,1,2,0.01755369115152816,0.026321415490847832,0.021937553321188,0.0193066323825371,0.0,0.980693367617463,0.9736686663384304,1.0,1.0,0.0,0.0,0.0,1.0,1.0,0.0,0.0,0.0,0,0
rq2_dose_squad_35,factual_qa,SQuAD V2,surface_noise,2,4,0.01754761032723189,0.0,0.008773805163615945,0.008773805163615945,0.0,0.9912261948363841,0.9912261948363841,1.0,1.0,0.0,0.0,0.0,1.0,1.0,0.0,0.0,0.0,0,0
rq2_dose_squad_35,factual_qa,SQuAD V2,surface_noise,3,8,0.01754761032723189,0.0,0.008773805163615945,0.008773805163615945,0.0,0.9912261948363841,0.9912261948363841,1.0,1.0,0.0,0.0,0.0,1.0,1.0,0.0,0.0,0.0,0,0
rq2_dose_squad_35,factual_qa,SQuAD V2,surface_noise,4,16,0.01754761032723189,0.0,0.008773805163615945,0.008773805163615945,0.0,0.9912261948363841,0.9912261948363841,1.0,1.0,0.0,0.0,0.0,1.0,1.0,0.0,0.0,0.0,0,0
rq2_dose_squad_40,factual_qa,SQuAD V2,surface_noise,0,0,0.0,0.0,0.0,0.0,0.0,1.0,1.0,1.0,1.0,0.0,0.0,0.0,1.0,1.0,0.0,0.0,0.0,0,0
rq2_dose_squad_40,factual_qa,SQuAD V2,surface_noise,1,2,3.9865064089816825e-07,2.657670939321122e-07,3.322088674151402e-07,3.7207393150495704e-07,3.986506408981682e-08,0.9999996279260684,0.9999994684658122,1.0,1.0,0.0,0.0,0.0,1.0,1.0,0.0,0.0,0.0,0,0
rq2_dose_squad_40,factual_qa,SQuAD V2,surface_noise,2,4,3.9865064089816825e-07,0.0,1.9932532044908413e-07,3.9865064089816825e-07,1.9932532044908413e-07,0.9999996013493591,0.9999996013493592,1.0,1.0,0.0,0.0,0.0,1.0,1.0,0.0,0.0,0.0,0,0
rq2_dose_squad_40,factual_qa,SQuAD V2,surface_noise,3,8,0.0,0.0,0.0,0.0,0.0,1.0,1.0000000000000002,1.0,1.0,0.0,0.0,0.0,1.0,1.0,0.0,0.0,0.0,0,0
rq2_dose_squad_40,factual_qa,SQuAD V2,surface_noise,4,16,0.0,0.0,0.0,0.0,0.0,1.0,1.0000000000000002,1.0,1.0,0.0,0.0,0.0,1.0,1.0,0.0,0.0,0.0,0,0
rq2_dose_squad_45,factual_qa,SQuAD V2,surface_noise,0,0,0.0,0.0,0.0,0.0,0.0,1.0,1.0,1.0,1.0,0.0,0.0,0.0,1.0,1.0,0.0,0.0,0.0,0,0
rq2_dose_squad_45,factual_qa,SQuAD V2,surface_noise,1,2,0.06079383146156712,0.03718791351187386,0.04899087248672049,0.05299594018387332,0.0040050676971528296,0.9470040598161267,0.922282865513748,1.0,1.0,0.0,0.0,0.0,1.0,1.0,0.0,0.0,0.0,0,0
rq2_dose_squad_45,factual_qa,SQuAD V2,surface_noise,2,4,0.06079383146156712,0.040529220974378076,0.0506615262179726,0.044582143071815884,0.0,0.9554178569281842,0.9392061685384329,1.0,1.0,0.0,0.0,0.0,1.0,1.0,0.0,0.0,0.0,0,0
rq2_dose_squad_45,factual_qa,SQuAD V2,surface_noise,3,8,0.060774954527154465,0.040529220974378076,0.05065208775076627,0.04457379279080202,0.0,0.955426207209198,0.979744636638538,1.0,1.0,0.0,0.0,0.0,1.0,1.0,0.0,0.0,0.0,0,0
rq2_dose_squad_45,factual_qa,SQuAD V2,surface_noise,4,16,0.06079383146156712,0.0,0.03039691573078356,0.040529220974378076,0.010132305243594517,0.959470779025622,0.959470779025622,1.0,1.0,0.0,0.0,0.0,1.0,1.0,0.0,0.0,0.0,0,0
rq2_dose_squad_50,factual_qa,SQuAD V2,surface_noise,0,0,0.0,0.0,0.0,0.0,0.0,1.0,1.0,1.0,1.0,0.0,0.0,0.0,1.0,1.0,0.0,0.0,0.0,0,0
rq2_dose_squad_50,factual_qa,SQuAD V2,surface_noise,1,2,1.1102230246251565e-16,1.1102230246251565e-16,1.1102230246251565e-16,1.1102230246251565e-16,0.0,0.9999999999999999,0.9999999999999999,1.0,1.0,0.0,0.0,0.0,1.0,1.0,0.0,0.0,0.0,0,0
rq2_dose_squad_50,factual_qa,SQuAD V2,surface_noise,2,4,1.1102230246251565e-16,0.01938023153127766,0.009690115765638885,0.03876046306255534,0.029070347296916453,0.9612395369374447,0.9612395369374447,1.0,1.0,0.0,0.0,0.0,1.0,1.0,0.0,0.0,0.0,0,0
rq2_dose_squad_50,factual_qa,SQuAD V2,surface_noise,3,8,1.1102230246251565e-16,0.029070347296916522,0.014535173648458317,0.019380231531277724,0.004845057882819408,0.9806197684687222,0.9806197684687222,1.0,1.0,0.0,0.0,0.0,1.0,1.0,0.0,0.0,0.0,0,0
rq2_dose_squad_50,factual_qa,SQuAD V2,surface_noise,4,16,1.1102230246251565e-16,0.0,5.551115123125783e-17,0.048450578828194146,0.04845057882819409,0.9515494211718059,0.9515494211718059,1.0,1.0,0.0,0.0,0.0,1.0,1.0,0.0,0.0,0.0,0,0
rq2_dose_longfact_05,long_factual_qa,LongFactQA-Stress-Decoy,surface_noise,0,0,0.0,0.0,0.0,0.0,0.0,1.0,1.0,1.0,1.0,0.0,0.0,0.0,1.0,1.0,0.0,0.0,0.0,0,0
rq2_dose_longfact_05,long_factual_qa,LongFactQA-Stress-Decoy,surface_noise,1,2,0.007056811860617918,0.028234140623326066,0.01764547624197199,0.018084454442411704,0.00043897820043971303,0.9819155455575883,0.9827002609099685,1.0,1.0,0.0,0.0,0.0,1.0,0.925,0.07499999999999996,0.07499999999999996,0.07499999999999996,1,1
rq2_dose_longfact_05,long_factual_qa,LongFactQA-Stress-Decoy,surface_noise,2,4,0.007056811860617918,0.0246518900227905,0.01585435094170421,0.017303800132655665,0.0014494491909514545,0.9826961998673444,0.9837658539080061,1.0,1.0,0.0,0.0,0.0,1.0,0.95,0.050000000000000044,0.050000000000000044,0.050000000000000044,1,1
rq2_dose_longfact_05,long_factual_qa,LongFactQA-Stress-Decoy,surface_noise,3,8,0.007056811860617918,0.024539386167812337,0.01579809901421513,0.019217520263938158,0.0034194212497230293,0.9807824797360618,0.9809783159952441,1.0,0.875,0.125,0.125,0.125,1.0,0.925,0.07499999999999996,0.07499999999999996,0.07499999999999996,1,1
rq2_dose_longfact_05,long_factual_qa,LongFactQA-Stress-Decoy,surface_noise,4,16,0.007056811860617918,0.010586051273947416,0.008821431567282666,0.009283568854697695,0.0004621372874150289,0.9907164311453023,0.9902165837246126,1.0,1.0,0.0,0.0,0.0,1.0,1.0,0.0,0.0,0.0,0,0
rq2_dose_longfact_10,long_factual_qa,LongFactQA-Stress-Decoy,surface_noise,0,0,0.0,0.0,0.0,0.0,0.0,1.0,1.0,0.8888888888888888,0.8888888888888888,0.0,0.0,0.0,0.9111111111111111,0.9111111111111111,0.0,0.0,0.0,0,0
rq2_dose_longfact_10,long_factual_qa,LongFactQA-Stress-Decoy,surface_noise,1,2,0.022107591921605607,0.007602783420536374,0.014855187671070991,0.018406153626691624,0.0035509659556206326,0.9815938463733084,0.9818522613342198,0.8888888888888888,1.0,-0.11111111111111116,0.11111111111111116,-0.12500000000000006,0.9111111111111111,0.9555555555555555,-0.0444444444444444,0.0444444444444444,-0.048780487804877995,0,1
rq2_dose_longfact_10,long_factual_qa,LongFactQA-Stress-Decoy,surface_noise,2,4,0.022107604853032738,0.019800270901441284,0.02095393787723701,0.01840736042980261,0.0,0.9815926395701974,0.9733691591392243,0.8888888888888888,0.8888888888888888,0.0,0.0,0.0,0.9111111111111111,0.8888888888888888,0.022222222222222254,0.022222222222222254,0.02439024390243906,1,1
rq2_dose_longfact_10,long_factual_qa,LongFactQA-Stress-Decoy,surface_noise,3,8,0.022022628431973335,0.01962307302795748,0.020822850729965408,0.017414155693410857,0.0,0.9825858443065891,0.9845006799321662,0.8888888888888888,0.8888888888888888,0.0,0.0,0.0,0.9111111111111111,0.8888888888888888,0.022222222222222254,0.022222222222222254,0.02439024390243906,1,1
rq2_dose_longfact_10,long_factual_qa,LongFactQA-Stress-Decoy,surface_noise,4,16,0.022022628431973335,0.016744846318403662,0.019383737375188496,0.018205641422994284,0.0,0.9817943585770057,0.9901452377371935,0.8888888888888888,1.0,-0.11111111111111116,0.11111111111111116,-0.12500000000000006,0.9111111111111111,0.9777777777777777,-0.06666666666666665,0.06666666666666665,-0.07317073170731705,0,1
rq2_dose_longfact_15,long_factual_qa,LongFactQA-Stress-Decoy,surface_noise,0,0,0.0,0.0,0.0,0.0,0.0,1.0,1.0,0.6666666666666666,0.6666666666666666,0.0,0.0,0.0,0.7333333333333333,0.7333333333333333,0.0,0.0,0.0,0,0
rq2_dose_longfact_15,long_factual_qa,LongFactQA-Stress-Decoy,surface_noise,1,2,0.02207000326560642,0.019314184958154734,0.020692094111880575,0.020243400446019754,0.0,0.9797565995539802,0.9871708311454668,0.6666666666666666,0.6666666666666666,0.0,0.0,0.0,0.7333333333333333,0.7333333333333333,0.0,0.0,0.0,0,0
rq2_dose_longfact_15,long_factual_qa,LongFactQA-Stress-Decoy,surface_noise,2,4,0.022069222129482858,0.04008520704000028,0.031077214584741567,0.047529368564886265,0.0164521539801447,0.9524706314351137,0.9539630471176085,0.6666666666666666,0.7777777777777778,-0.11111111111111116,0.11111111111111116,-0.16666666666666674,0.7333333333333333,0.7999999999999999,-0.06666666666666665,0.06666666666666665,-0.0909090909090909,0,1
rq2_dose_longfact_15,long_factual_qa,LongFactQA-Stress-Decoy,surface_noise,3,8,0.022045488918155397,0.03732437576002835,0.029684932339091877,0.0322490350775613,0.002564102738469423,0.9677509649224387,0.9713114537842564,0.6666666666666666,0.8888888888888888,-0.2222222222222222,0.2222222222222222,-0.3333333333333333,0.7333333333333333,0.8222222222222222,-0.0888888888888889,0.0888888888888889,-0.12121212121212124,0,1
rq2_dose_longfact_15,long_factual_qa,LongFactQA-Stress-Decoy,surface_noise,4,16,0.022045488918155397,0.02348709197919204,0.022766290448673718,0.02404526692993806,0.001278976481264342,0.975954733070062,0.9743200274450803,0.6666666666666666,0.7777777777777778,-0.11111111111111116,0.11111111111111116,-0.16666666666666674,0.7333333333333333,0.7555555555555555,-0.022222222222222254,0.022222222222222254,-0.03030303030303035,0,1
rq2_dose_longfact_20,long_factual_qa,LongFactQA-Stress-Decoy,surface_noise,0,0,0.0,0.0,0.0,0.0,0.0,1.0,1.0,0.9,0.9,0.0,0.0,0.0,0.9400000000000001,0.9400000000000001,0.0,0.0,0.0,0,0
rq2_dose_longfact_20,long_factual_qa,LongFactQA-Stress-Decoy,surface_noise,1,2,0.023361279848239058,0.014808767582900862,0.01908502371556996,0.0197870295909084,0.0007020058753384392,0.9802129704090916,0.9775128433431797,0.9,1.0,-0.09999999999999998,0.09999999999999998,-0.11111111111111108,0.9400000000000001,1.0,-0.05999999999999994,0.05999999999999994,-0.06382978723404249,0,1
rq2_dose_longfact_20,long_factual_qa,LongFactQA-Stress-Decoy,surface_noise,2,4,0.023361279848239058,0.020388482812259457,0.021874881330249257,0.03132052604876118,0.00944564471851192,0.9686794739512388,0.9727867056291756,0.9,0.9,0.0,0.0,0.0,0.9400000000000001,0.98,-0.039999999999999925,0.039999999999999925,-0.04255319148936162,0,1
rq2_dose_longfact_20,long_factual_qa,LongFactQA-Stress-Decoy,surface_noise,3,8,0.023361279848239058,0.02287694245894023,0.023119111153589646,0.023308910246566658,0.00018979909297701242,0.9766910897534333,0.9822967694258435,0.9,0.8,0.09999999999999998,0.09999999999999998,0.11111111111111108,0.9400000000000001,0.96,-0.019999999999999907,0.019999999999999907,-0.02127659574468075,0,1
rq2_dose_longfact_20,long_factual_qa,LongFactQA-Stress-Decoy,surface_noise,4,16,0.023361279848239058,0.01647290211645964,0.01991709098234935,0.025461427779956157,0.005544336797606807,0.9745385722200438,0.9753415630719149,0.9,0.9,0.0,0.0,0.0,0.9400000000000001,0.98,-0.039999999999999925,0.039999999999999925,-0.04255319148936162,0,1
rq2_dose_longfact_25,long_factual_qa,LongFactQA-Stress-Decoy,surface_noise,0,0,0.0,0.0,0.0,0.0,0.0,1.0,1.0,0.9,0.9,0.0,0.0,0.0,0.92,0.92,0.0,0.0,0.0,0,0
rq2_dose_longfact_25,long_factual_qa,LongFactQA-Stress-Decoy,surface_noise,1,2,0.003483242262094044,0.003998227390287346,0.0037407348261906948,0.005389270590601041,0.0016485357644103462,0.994610729409399,0.9948006007955775,0.9,0.9,0.0,0.0,0.0,0.92,0.9,0.020000000000000018,0.020000000000000018,0.021739130434782625,1,1
rq2_dose_longfact_25,long_factual_qa,LongFactQA-Stress-Decoy,surface_noise,2,4,0.003483242262094044,0.006671031211932877,0.00507713673701346,0.007253586933116134,0.002176450196102674,0.9927464130668838,0.9929118246171182,0.9,0.9,0.0,0.0,0.0,0.92,0.92,0.0,0.0,0.0,0,0
rq2_dose_longfact_25,long_factual_qa,LongFactQA-Stress-Decoy,surface_noise,3,8,0.003483242262094044,0.006493421985613257,0.00498833212385365,0.005619663297728326,0.0006313311738746757,0.9943803367022717,0.9938453600548945,0.9,0.9,0.0,0.0,0.0,0.92,0.92,0.0,0.0,0.0,0,0
rq2_dose_longfact_25,long_factual_qa,LongFactQA-Stress-Decoy,surface_noise,4,16,0.003483242262094044,0.025053979390661195,0.01426861082637762,0.015112266053110278,0.0008436552267326574,0.9848877339468898,0.9849498044251633,0.9,0.8,0.09999999999999998,0.09999999999999998,0.11111111111111108,0.92,0.88,0.040000000000000036,0.040000000000000036,0.04347826086956525,1,1
rq2_dose_longfact_30,long_factual_qa,LongFactQA-Stress-Decoy,surface_noise,0,0,0.0,0.0,0.0,0.0,0.0,1.0,1.0,1.0,1.0,0.0,0.0,0.0,1.0,1.0,0.0,0.0,0.0,0,0
rq2_dose_longfact_30,long_factual_qa,LongFactQA-Stress-Decoy,surface_noise,1,2,0.009878864258028131,0.04490323517753193,0.02739104971778003,0.028641316207153843,0.0012502664893738122,0.9713586837928462,0.9744419632553211,1.0,1.0,0.0,0.0,0.0,1.0,0.9714285714285714,0.02857142857142858,0.02857142857142858,0.02857142857142858,1,1
rq2_dose_longfact_30,long_factual_qa,LongFactQA-Stress-Decoy,surface_noise,2,4,0.009878864258028131,0.02136972733407515,0.015624295796051641,0.1052495741215874,0.08962527832553577,0.8947504258784126,0.8969433631029707,1.0,0.8571428571428571,0.1428571428571429,0.1428571428571429,0.1428571428571429,1.0,0.8571428571428571,0.1428571428571429,0.1428571428571429,0.1428571428571429,1,1
rq2_dose_longfact_30,long_factual_qa,LongFactQA-Stress-Decoy,surface_noise,3,8,0.009878864258028131,0.07313355932746349,0.04150621179274581,0.06581688465037122,0.024310672857625414,0.9341831153496287,0.9406824356165422,1.0,1.0,0.0,0.0,0.0,1.0,0.8857142857142857,0.11428571428571432,0.11428571428571432,0.11428571428571432,1,1
rq2_dose_longfact_30,long_factual_qa,LongFactQA-Stress-Decoy,surface_noise,4,16,0.009878864258028131,0.017033430444002018,0.013456147351015075,0.10522881194218074,0.09177266459116566,0.8947711880578193,0.89560423175894,1.0,0.8571428571428571,0.1428571428571429,0.1428571428571429,0.1428571428571429,1.0,0.8571428571428571,0.1428571428571429,0.1428571428571429,0.1428571428571429,1,1
rq2_dose_longfact_35,long_factual_qa,LongFactQA-Stress-Decoy,surface_noise,0,0,0.0,0.0,0.0,0.0,0.0,1.0,1.0,1.0,1.0,0.0,0.0,0.0,1.0,1.0,0.0,0.0,0.0,0,0
rq2_dose_longfact_35,long_factual_qa,LongFactQA-Stress-Decoy,surface_noise,1,2,0.008458298541906528,0.007851709353168822,0.008155003947537674,0.006748579758752737,0.0,0.9932514202412472,0.9937644767422046,1.0,0.8571428571428571,0.1428571428571429,0.1428571428571429,0.1428571428571429,1.0,0.9714285714285714,0.02857142857142858,0.02857142857142858,0.02857142857142858,1,1
rq2_dose_longfact_35,long_factual_qa,LongFactQA-Stress-Decoy,surface_noise,2,4,0.008458298541906528,0.003951245164712736,0.006204771853309632,0.007601415748998446,0.0013966438956888143,0.9923985842510016,0.9916110641027952,1.0,1.0,0.0,0.0,0.0,1.0,1.0,0.0,0.0,0.0,0,0
rq2_dose_longfact_35,long_factual_qa,LongFactQA-Stress-Decoy,surface_noise,3,8,0.008448023549677141,0.013233748011018221,0.01084088578034768,0.01128961925250719,0.0004487334721595092,0.9887103807474928,0.9915464221856704,1.0,1.0,0.0,0.0,0.0,1.0,0.9428571428571428,0.05714285714285716,0.05714285714285716,0.05714285714285716,1,1
rq2_dose_longfact_35,long_factual_qa,LongFactQA-Stress-Decoy,surface_noise,4,16,0.008458298541906528,0.08342370467062246,0.04594100160626449,0.046439374640900366,0.0004983730346358739,0.9535606253590996,0.9517864006822417,1.0,1.0,0.0,0.0,0.0,1.0,0.9428571428571428,0.05714285714285716,0.05714285714285716,0.05714285714285716,1,1
rq2_dose_longfact_40,long_factual_qa,LongFactQA-Stress-Decoy,surface_noise,0,0,0.0,0.0,0.0,0.0,0.0,1.0,1.0,0.8571428571428571,0.8571428571428571,0.0,0.0,0.0,0.7714285714285715,0.7714285714285715,0.0,0.0,0.0,0,0
rq2_dose_longfact_40,long_factual_qa,LongFactQA-Stress-Decoy,surface_noise,1,2,0.008138940584376664,0.06879969668427142,0.03846931863432405,0.04176637284439881,0.003297054210074764,0.9582336271556012,0.9575659666916899,0.8571428571428571,0.7142857142857143,0.1428571428571428,0.1428571428571428,0.1666666666666666,0.7714285714285715,0.8285714285714285,-0.05714285714285705,0.05714285714285705,-0.07407407407407395,0,1
rq2_dose_longfact_40,long_factual_qa,LongFactQA-Stress-Decoy,surface_noise,2,4,0.008138940584376664,0.01756738529995635,0.012853162942166506,0.014705928551956187,0.0018527656097896816,0.9852940714480438,0.985089792991334,0.8571428571428571,0.8571428571428571,0.0,0.0,0.0,0.7714285714285715,0.7714285714285715,0.0,0.0,0.0,0,0
rq2_dose_longfact_40,long_factual_qa,LongFactQA-Stress-Decoy,surface_noise,3,8,0.008138940584376664,0.009922974917033334,0.009030957750704999,0.011789204123336061,0.002758246372631062,0.9882107958766639,0.987781836948144,0.8571428571428571,0.8571428571428571,0.0,0.0,0.0,0.7714285714285715,0.8285714285714285,-0.05714285714285705,0.05714285714285705,-0.07407407407407395,0,1
rq2_dose_longfact_40,long_factual_qa,LongFactQA-Stress-Decoy,surface_noise,4,16,0.008138940584376664,0.07417450532699298,0.04115672295568482,0.10001558594940416,0.058858862993719334,0.8999844140505958,0.8997390575950883,0.8571428571428571,1.0,-0.1428571428571429,0.1428571428571429,-0.16666666666666674,0.7714285714285715,0.8571428571428571,-0.08571428571428563,0.08571428571428563,-0.111111111111111,0,1
rq2_dose_longfact_45,long_factual_qa,LongFactQA-Stress-Decoy,surface_noise,0,0,0.0,0.0,0.0,0.0,0.0,1.0,1.0,0.5714285714285714,0.5714285714285714,0.0,0.0,0.0,0.6285714285714286,0.6285714285714286,0.0,0.0,0.0,0,0
rq2_dose_longfact_45,long_factual_qa,LongFactQA-Stress-Decoy,surface_noise,1,2,0.03120626404783696,0.027864335002477657,0.029535299525157307,0.029326719642025944,0.0,0.9706732803579741,0.9649995609809481,0.5714285714285714,0.8571428571428571,-0.2857142857142857,0.2857142857142857,-0.5,0.6285714285714286,0.7999999999999999,-0.17142857142857137,0.17142857142857137,-0.27272727272727265,0,1
rq2_dose_longfact_45,long_factual_qa,LongFactQA-Stress-Decoy,surface_noise,2,4,0.03120626404783696,0.03435594006623064,0.0327811020570338,0.02929098584759465,0.0,0.9707090141524054,0.9798955830463368,0.5714285714285714,0.5714285714285714,0.0,0.0,0.0,0.6285714285714286,0.6857142857142857,-0.05714285714285716,0.05714285714285716,-0.09090909090909094,0,1
rq2_dose_longfact_45,long_factual_qa,LongFactQA-Stress-Decoy,surface_noise,3,8,0.03120626404783696,0.03244324885463666,0.03182475645123681,0.03390043111927851,0.002075674668041705,0.9660995688807215,0.9605648507045211,0.5714285714285714,0.5714285714285714,0.0,0.0,0.0,0.6285714285714286,0.6285714285714286,0.0,0.0,0.0,0,0
rq2_dose_longfact_45,long_factual_qa,LongFactQA-Stress-Decoy,surface_noise,4,16,0.03120626404783696,0.03020248615370481,0.030704375100770884,0.02953986768635327,0.0,0.9704601323136467,0.969111632611091,0.5714285714285714,0.8571428571428571,-0.2857142857142857,0.2857142857142857,-0.5,0.6285714285714286,0.7142857142857143,-0.08571428571428574,0.08571428571428574,-0.1363636363636364,0,1
rq2_dose_longfact_50,long_factual_qa,LongFactQA-Stress-Decoy,surface_noise,0,0,0.0,0.0,0.0,0.0,0.0,1.0,1.0,1.0,1.0,0.0,0.0,0.0,0.7428571428571429,0.7428571428571429,0.0,0.0,0.0,0,0
rq2_dose_longfact_50,long_factual_qa,LongFactQA-Stress-Decoy,surface_noise,1,2,0.02160394898305822,0.022849561981450196,0.02222675548225421,0.02388415527100258,0.001657399788748369,0.9761158447289974,0.9746415710235222,1.0,0.7142857142857143,0.2857142857142857,0.2857142857142857,0.2857142857142857,0.7428571428571429,0.7714285714285715,-0.02857142857142858,0.02857142857142858,-0.03846153846153847,0,1
rq2_dose_longfact_50,long_factual_qa,LongFactQA-Stress-Decoy,surface_noise,2,4,0.021605332112144614,0.01884651518725462,0.020225923649699617,0.01774465266803208,0.0,0.982255347331968,0.9823125384889497,1.0,0.8571428571428571,0.1428571428571429,0.1428571428571429,0.1428571428571429,0.7428571428571429,0.8285714285714285,-0.08571428571428563,0.08571428571428563,-0.11538461538461527,0,1
rq2_dose_longfact_50,long_factual_qa,LongFactQA-Stress-Decoy,surface_noise,3,8,0.02160394898305822,0.01580549416405568,0.01870472157355695,0.016708313789323078,0.0,0.983291686210677,0.9808483392256511,1.0,0.8571428571428571,0.1428571428571429,0.1428571428571429,0.1428571428571429,0.7428571428571429,0.7714285714285715,-0.02857142857142858,0.02857142857142858,-0.03846153846153847,0,1
rq2_dose_longfact_50,long_factual_qa,LongFactQA-Stress-Decoy,surface_noise,4,16,0.02160394898305822,0.00977995119109316,0.01569195008707569,0.01939679483440464,0.003704844747328951,0.9806032051655954,0.9822881222811392,1.0,0.42857142857142855,0.5714285714285714,0.5714285714285714,0.5714285714285714,0.7428571428571429,0.6,0.1428571428571429,0.1428571428571429,0.19230769230769237,1,1
rq2_dose_math_05,math_reasoning,MATH,surface_noise,0,0,0.0,0.0,0.0,0.0,0.0,1.0,1.0,0.0,0.0,0.0,0.0,0.0,0.4,0.4,0.0,0.0,0.0,0,0
rq2_dose_math_05,math_reasoning,MATH,surface_noise,1,2,0.025556833028825367,0.02359301488240635,0.024574923955615856,0.0230850161752306,0.0,0.9769149838247694,0.982418132551754,0.0,1.0,-1.0,1.0,0.0,0.4,0.6,-0.19999999999999996,0.19999999999999996,-0.4999999999999999,0,1
rq2_dose_math_05,math_reasoning,MATH,surface_noise,2,4,0.02554696717317102,0.027292315420808243,0.02641964129698963,0.02670262282210512,0.0002829815251154874,0.9732973771778949,0.973833559497365,0.0,1.0,-1.0,1.0,0.0,0.4,0.6,-0.19999999999999996,0.19999999999999996,-0.4999999999999999,0,1
rq2_dose_math_05,math_reasoning,MATH,surface_noise,3,8,0.025556833028825367,0.03798019800287096,0.03176851551584817,0.03127989709132642,0.0,0.9687201029086736,0.9696757938249025,0.0,0.0,0.0,0.0,0.0,0.4,0.0,0.4,0.4,1.0,1,1
rq2_dose_math_05,math_reasoning,MATH,surface_noise,4,16,0.02554696717317102,0.036843236358887296,0.03119510176602916,0.030757466156777977,0.0,0.969242533843222,0.9744947928125467,0.0,0.0,0.0,0.0,0.0,0.4,0.0,0.4,0.4,1.0,1,1
rq2_dose_math_10,math_reasoning,MATH,surface_noise,0,0,0.0,0.0,0.0,0.0,0.0,1.0,1.0,0.0,0.0,0.0,0.0,0.0,0.0,0.0,0.0,0.0,0.0,0,0
rq2_dose_math_10,math_reasoning,MATH,surface_noise,1,2,0.02983853993681531,0.04842365313739342,0.039131096537104365,0.03886191251859633,0.0,0.9611380874814037,0.9613365956608473,0.0,0.0,0.0,0.0,0.0,0.0,0.0,0.0,0.0,0.0,0,0
rq2_dose_math_10,math_reasoning,MATH,surface_noise,2,4,0.02983853993681531,0.02183923811948154,0.025838889028148425,0.025307139599154573,0.0,0.9746928604008455,0.9741750402401963,0.0,0.0,0.0,0.0,0.0,0.0,0.0,0.0,0.0,0.0,0,0
rq2_dose_math_10,math_reasoning,MATH,surface_noise,3,8,0.02983853993681531,0.03932850887212158,0.03458352440446845,0.0366877668004901,0.002104242396021652,0.9633122331995099,0.9597690845274921,0.0,0.0,0.0,0.0,0.0,0.0,0.0,0.0,0.0,0.0,0,0
rq2_dose_math_10,math_reasoning,MATH,surface_noise,4,16,0.02983853993681531,0.03298196597439208,0.03141025295560369,0.02970959168140982,0.0,0.9702904083185901,0.9646218959452776,0.0,0.0,0.0,0.0,0.0,0.0,0.0,0.0,0.0,0.0,0,0
rq2_dose_math_15,math_reasoning,MATH,surface_noise,0,0,0.0,0.0,0.0,0.0,0.0,1.0,1.0,1.0,1.0,0.0,0.0,0.0,1.0,1.0,0.0,0.0,0.0,0,0
rq2_dose_math_15,math_reasoning,MATH,surface_noise,1,2,0.039109113259276504,0.012197071082171362,0.025653092170723934,0.02780750492796445,0.0021544127572405147,0.9721924950720355,0.9745549644978447,1.0,1.0,0.0,0.0,0.0,1.0,1.0,0.0,0.0,0.0,0,0
rq2_dose_math_15,math_reasoning,MATH,surface_noise,2,4,0.039109113259276504,0.04000695897450261,0.03955803611688956,0.0410500784858973,0.00149204236900774,0.9589499215141027,0.9660965661541707,1.0,1.0,0.0,0.0,0.0,1.0,1.0,0.0,0.0,0.0,0,0
rq2_dose_math_15,math_reasoning,MATH,surface_noise,3,8,0.039109113259276504,0.018995398725012224,0.029052255992144366,0.030502432412138986,0.0014501764199946199,0.969497567587861,0.9682018992271286,1.0,1.0,0.0,0.0,0.0,1.0,0.6,0.4,0.4,0.4,1,1
rq2_dose_math_15,math_reasoning,MATH,surface_noise,4,16,0.039109113259276504,0.040723244759874766,0.039916179009575635,0.04004987860783639,0.00013369959826075445,0.9599501213921636,0.9619289186148887,1.0,1.0,0.0,0.0,0.0,1.0,0.6,0.4,0.4,0.4,1,1
rq2_dose_math_20,math_reasoning,MATH,surface_noise,0,0,0.0,0.0,0.0,0.0,0.0,1.0,1.0,0.0,0.0,0.0,0.0,0.0,0.6,0.6,0.0,0.0,0.0,0,0
rq2_dose_math_20,math_reasoning,MATH,surface_noise,1,2,0.10249209104232213,0.11258280874710773,0.10753744989471492,0.08886274617672871,0.0,0.9111372538232713,0.9148774588381522,0.0,1.0,-1.0,1.0,0.0,0.6,0.6,0.0,0.0,0.0,0,0
rq2_dose_math_20,math_reasoning,MATH,surface_noise,2,4,0.10249209104232213,0.04674396889817915,0.07461802997025063,0.07627261330334287,0.0016545833330922355,0.9237273866966571,0.9262985490337496,0.0,1.0,-1.0,1.0,0.0,0.6,0.8,-0.20000000000000007,0.20000000000000007,-0.3333333333333335,0,1
rq2_dose_math_20,math_reasoning,MATH,surface_noise,3,8,0.10249209104232213,0.06653928935485123,0.08451569019858668,0.07840330841544121,0.0,0.9215966915845588,0.9274142511346218,0.0,0.0,0.0,0.0,0.0,0.6,0.4,0.19999999999999996,0.19999999999999996,0.33333333333333326,1,1
rq2_dose_math_20,math_reasoning,MATH,surface_noise,4,16,0.10249209104232213,0.04918491720043896,0.07583850412138055,0.07296272221756216,0.0,0.9270372777824378,0.9401389019834455,0.0,0.0,0.0,0.0,0.0,0.6,0.8,-0.20000000000000007,0.20000000000000007,-0.3333333333333335,0,1
rq2_dose_math_25,math_reasoning,MATH,surface_noise,0,0,0.0,0.0,0.0,0.0,0.0,1.0,1.0,0.0,0.0,0.0,0.0,0.0,0.2,0.2,0.0,0.0,0.0,0,0
rq2_dose_math_25,math_reasoning,MATH,surface_noise,1,2,0.042472016641532925,0.02746659314455242,0.034969304893042674,0.0331291467082326,0.0,0.9668708532917674,0.967486487563939,0.0,0.0,0.0,0.0,0.0,0.2,0.0,0.2,0.2,1.0,1,1
rq2_dose_math_25,math_reasoning,MATH,surface_noise,2,4,0.042472016641532925,0.0452525077696246,0.04386226220557876,0.0427913452478543,0.0,0.9572086547521457,0.951067851958146,0.0,0.0,0.0,0.0,0.0,0.2,0.2,0.0,0.0,0.0,0,0
rq2_dose_math_25,math_reasoning,MATH,surface_noise,3,8,0.042472016641532925,0.031065344814181894,0.03676868072785741,0.03790632369412498,0.0011376429662675672,0.9620936763058751,0.9735011309559514,0.0,0.0,0.0,0.0,0.0,0.2,0.0,0.2,0.2,1.0,1,1
rq2_dose_math_25,math_reasoning,MATH,surface_noise,4,16,0.042472016641532925,0.046487626685042895,0.04447982166328791,0.041746946234829135,0.0,0.9582530537651709,0.97589423401136,0.0,0.0,0.0,0.0,0.0,0.2,0.2,0.0,0.0,0.0,0,0
rq2_dose_math_30,math_reasoning,MATH,surface_noise,0,0,0.0,0.0,0.0,0.0,0.0,1.0,1.0,0.0,0.0,0.0,0.0,0.0,0.8,0.8,0.0,0.0,0.0,0,0
rq2_dose_math_30,math_reasoning,MATH,surface_noise,1,2,0.02475308911820464,0.024622765446874896,0.024687927282539768,0.0241721717869871,0.0,0.975827828213013,0.9771119728598445,0.0,1.0,-1.0,1.0,0.0,0.8,0.8,0.0,0.0,0.0,0,0
rq2_dose_math_30,math_reasoning,MATH,surface_noise,2,4,0.02475308911820464,0.023039131941805936,0.023896110530005288,0.021764140824414312,0.0,0.9782358591755856,0.9816473976735681,0.0,1.0,-1.0,1.0,0.0,0.8,0.8,0.0,0.0,0.0,0,0
rq2_dose_math_30,math_reasoning,MATH,surface_noise,3,8,0.024695365175367023,0.03135001897485534,0.028022692075111183,0.02670236375510157,0.0,0.9732976362448984,0.9770983976811813,0.0,1.0,-1.0,1.0,0.0,0.8,0.8,0.0,0.0,0.0,0,0
rq2_dose_math_30,math_reasoning,MATH,surface_noise,4,16,0.02475308911820464,0.032953137898332804,0.028853113508268722,0.027528162002011657,0.0,0.9724718379979883,0.9738204379661738,0.0,1.0,-1.0,1.0,0.0,0.8,0.8,0.0,0.0,0.0,0,0
rq2_dose_math_35,math_reasoning,MATH,surface_noise,0,0,0.0,0.0,0.0,0.0,0.0,1.0,1.0,0.0,0.0,0.0,0.0,0.0,0.0,0.0,0.0,0.0,0.0,0,0
rq2_dose_math_35,math_reasoning,MATH,surface_noise,1,2,0.024052930680762384,0.03196614452353678,0.02800953760214958,0.0374068195230367,0.009397281920887117,0.9625931804769633,0.9641887811829507,0.0,0.0,0.0,0.0,0.0,0.0,0.0,0.0,0.0,0.0,0,0
rq2_dose_math_35,math_reasoning,MATH,surface_noise,2,4,0.024052930680762384,0.034414806642300774,0.02923386866153158,0.03158497037306181,0.0023511017115302284,0.9684150296269382,0.9650422991072384,0.0,0.0,0.0,0.0,0.0,0.0,0.0,0.0,0.0,0.0,0,0
rq2_dose_math_35,math_reasoning,MATH,surface_noise,3,8,0.024052930680762384,0.053347623578763506,0.03870027712976294,0.04440403746547618,0.005703760335713237,0.9555959625345238,0.9552936210211823,0.0,0.0,0.0,0.0,0.0,0.0,0.0,0.0,0.0,0.0,0,0
rq2_dose_math_35,math_reasoning,MATH,surface_noise,4,16,0.02404804450361502,0.04964926884570524,0.03684865667466013,0.04358571297279475,0.006737056298134626,0.9564142870272052,0.9525490172920067,0.0,0.0,0.0,0.0,0.0,0.0,0.0,0.0,0.0,0.0,0,0
rq2_dose_math_40,math_reasoning,MATH,surface_noise,0,0,0.0,0.0,0.0,0.0,0.0,1.0,1.0,0.0,0.0,0.0,0.0,0.0,0.0,0.0,0.0,0.0,0.0,0,0
rq2_dose_math_40,math_reasoning,MATH,surface_noise,1,2,0.0656113836117038,0.04909734463476882,0.05735436412323631,0.05194431442649729,0.0,0.9480556855735027,0.9566377052195859,0.0,1.0,-1.0,1.0,0.0,0.0,0.4,-0.4,0.4,0.0,0,1
rq2_dose_math_40,math_reasoning,MATH,surface_noise,2,4,0.0656113836117038,0.04898206565902853,0.05729672463536616,0.050335613377266074,0.0,0.9496643866227339,0.9331533997329613,0.0,0.0,0.0,0.0,0.0,0.0,0.2,-0.2,0.2,0.0,0,1
rq2_dose_math_40,math_reasoning,MATH,surface_noise,3,8,0.0656113836117038,0.01682170272064636,0.041216543166175075,0.0490453080456895,0.007828764879514422,0.9509546919543105,0.9508103525020497,0.0,0.0,0.0,0.0,0.0,0.0,0.2,-0.2,0.2,0.0,0,1
rq2_dose_math_40,math_reasoning,MATH,surface_noise,4,16,0.0656113836117038,0.03688286775931281,0.0512471256855083,0.05010674165563546,0.0,0.9498932583443646,0.9404813203100015,0.0,0.0,0.0,0.0,0.0,0.0,0.4,-0.4,0.4,0.0,0,1
rq2_dose_math_45,math_reasoning,MATH,surface_noise,0,0,0.0,0.0,0.0,0.0,0.0,1.0,1.0,0.0,0.0,0.0,0.0,0.0,0.0,0.0,0.0,0.0,0.0,0,0
rq2_dose_math_45,math_reasoning,MATH,surface_noise,1,2,0.05171565925156122,0.06363780101969684,0.05767673013562903,0.05631034855881527,0.0,0.9436896514411848,0.9497496621244328,0.0,0.0,0.0,0.0,0.0,0.0,0.0,0.0,0.0,0.0,0,0
rq2_dose_math_45,math_reasoning,MATH,surface_noise,2,4,0.05171565925156122,0.0621291039060914,0.056922381578826314,0.059599940090627086,0.002677558511800772,0.9404000599093729,0.9463469539871578,0.0,0.0,0.0,0.0,0.0,0.0,0.0,0.0,0.0,0.0,0,0
rq2_dose_math_45,math_reasoning,MATH,surface_noise,3,8,0.05171565925156122,0.04116068054536548,0.04643816989846335,0.0494021237901147,0.0029639538916513553,0.9505978762098853,0.9604161356828271,0.0,0.0,0.0,0.0,0.0,0.0,0.0,0.0,0.0,0.0,0,0
rq2_dose_math_45,math_reasoning,MATH,surface_noise,4,16,0.05171565925156122,0.04009719350575811,0.045906426378659666,0.0425133652042218,0.0,0.9574866347957782,0.9494191607475071,0.0,0.0,0.0,0.0,0.0,0.0,0.0,0.0,0.0,0.0,0,0
rq2_dose_math_50,math_reasoning,MATH,surface_noise,0,0,0.0,0.0,0.0,0.0,0.0,1.0,1.0,0.0,0.0,0.0,0.0,0.0,0.2,0.2,0.0,0.0,0.0,0,0
rq2_dose_math_50,math_reasoning,MATH,surface_noise,1,2,0.026572168738575895,0.02419714558809899,0.025384657163337442,0.02506653653850927,0.0,0.9749334634614907,0.9686239447314748,0.0,0.0,0.0,0.0,0.0,0.2,0.2,0.0,0.0,0.0,0,0
rq2_dose_math_50,math_reasoning,MATH,surface_noise,2,4,0.026572168738575895,0.028590060830593213,0.027581114784584554,0.02618412767010417,0.0,0.9738158723298959,0.9739075124911627,0.0,0.0,0.0,0.0,0.0,0.2,0.2,0.0,0.0,0.0,0,0
rq2_dose_math_50,math_reasoning,MATH,surface_noise,3,8,0.026572168738575895,0.052974462538233215,0.039773315638404555,0.041895274707350716,0.002121959068946161,0.9581047252926493,0.9589583508333379,0.0,0.0,0.0,0.0,0.0,0.2,0.2,0.0,0.0,0.0,0,0
rq2_dose_math_50,math_reasoning,MATH,surface_noise,4,16,0.026572168738575895,0.06557714883448221,0.046074658786529055,0.045365431263812185,0.0,0.9546345687361878,0.9650862450085685,0.0,0.0,0.0,0.0,0.0,0.2,0.0,0.2,0.2,1.0,1,1
